"V1","V2","V3","V4","V5","V6","V7","V8","fault"
5.161,3.4221,20.8,1.411,0.099343,0.29145,43.277,1.1859,"Ball_007_1"
4.5722,3.1218,23.063,1.3453,0.044775,0.32539,39.386,1.5219,"Ball_007_1"
4.7964,2.7319,25.743,1.4555,0.051766,0.34219,44.763,1.3586,"Ball_007_1"
4.315,3.5326,26.219,1.4548,0.056702,0.32563,43.144,1.5288,"Ball_007_1"
3.2611,4.1237,22.911,1.5492,0.063079,0.31631,39.318,1.5659,"Ball_007_1"
4.5465,3.1275,27.209,1.8774,0.071282,0.29194,40.515,1.4329,"Ball_007_1"
5.4074,2.9938,19.335,1.4441,0.077926,0.29755,35.967,1.4698,"Ball_007_1"
4.6058,3.1084,24.863,1.5603,0.072412,0.31326,44.689,1.4926,"Ball_007_1"
4.8084,2.7263,19.05,1.5423,0.077329,0.25066,44.094,1.7899,"Ball_007_1"
4.4573,3.5272,24.498,1.5584,0.067795,0.36937,43.298,1.3274,"Ball_007_1"
3.8966,3.0233,25.262,1.496,0.079619,0.26602,38.069,1.4363,"Ball_007_1"
4.5037,4.309,24.674,1.3818,0.074576,0.33421,40.163,1.316,"Ball_007_1"
4.9983,3.0285,24.681,1.2388,0.086192,0.27262,34.961,1.2898,"Ball_007_1"
4.1607,3.7201,26.993,1.5601,0.057229,0.39565,37.717,1.4231,"Ball_007_1"
5.1285,2.3407,22.961,1.4014,0.082366,0.40116,41.106,1.334,"Ball_007_1"
4.1219,3.4618,27.093,1.5482,0.043617,0.19647,46.205,1.569,"Ball_007_1"
4.6292,3.3759,21.06,1.4893,0.10521,0.28115,39.572,1.3648,"Ball_007_1"
5.2276,4.6079,25.648,1.4727,0.052252,0.27187,44.643,1.3729,"Ball_007_1"
3.9325,2.5289,25.422,1.6296,0.062961,0.30042,41.412,1.1996,"Ball_007_1"
5.4798,3.7964,24.83,1.4839,0.059436,0.26471,47.935,1.2982,"Ball_007_1"
4.2622,2.6327,27.51,1.5261,0.0527,0.24438,36.081,1.0476,"Ball_007_1"
4.7224,3.4602,28.413,1.6468,0.058559,0.28719,36.547,1.5243,"Ball_007_1"
4.7843,3.7231,25.873,1.5696,0.077268,0.27576,39.59,1.3103,"Ball_007_1"
5.6301,3.6278,27.758,1.4133,0.050995,0.2984,42.1,1.3686,"Ball_007_1"
4.251,2.7636,21.376,1.2548,0.067248,0.32022,39.757,1.1581,"Ball_007_1"
5.1737,3.3198,25.599,1.481,0.05854,0.30559,39.076,1.3399,"Ball_007_1"
4.4488,2.6576,28.089,1.1617,0.079899,0.37254,34.906,1.1622,"Ball_007_1"
3.7609,2.8874,25.346,1.2358,0.054776,0.25867,38.896,1.6498,"Ball_007_1"
5.5672,4.1029,24.538,1.3597,0.067572,0.32899,39.691,1.3501,"Ball_007_1"
4.051,3.7185,26.97,1.3951,0.049034,0.32424,35.427,1.3689,"Ball_007_1"
5.0018,3.2387,19.314,1.2718,0.066628,0.39218,40.996,1.5718,"Ball_007_1"
4.5939,3.638,24.63,1.6211,0.06883,0.40646,34.85,1.5726,"Ball_007_1"
4.6529,2.9018,24.793,1.334,0.066476,0.27907,40.283,1.3167,"Ball_007_1"
5.1534,2.9294,25.151,1.4215,0.041795,0.31326,38.85,1.3756,"Ball_007_1"
5.1247,3.5037,24.837,1.1912,0.040356,0.32184,38.109,1.4703,"Ball_007_1"
4.501,3.7843,29.335,1.2099,0.058143,0.3711,48.012,1.5716,"Ball_007_1"
4.8502,2.8266,23.142,1.4661,0.037521,0.31499,41.875,1.4336,"Ball_007_1"
4.4468,3.2911,27.651,1.5924,0.07162,0.27569,39.503,1.2805,"Ball_007_1"
4.6552,3.3142,26.25,1.53,0.060956,0.42967,40.661,1.5384,"Ball_007_1"
5.4799,3.1281,26.975,1.1826,0.051971,0.32798,36.143,1.4083,"Ball_007_1"
5.0404,3.4141,23.851,1.5524,0.070716,0.34239,38.936,1.429,"Ball_007_1"
3.9397,3.8149,22.488,1.1549,0.049025,0.29877,43.568,1.2057,"Ball_007_1"
5.0431,3.2754,23.035,1.8283,0.079003,0.33194,40.241,1.4768,"Ball_007_1"
4.1474,3.0316,23.858,1.5768,0.06941,0.28421,44.07,1.4488,"Ball_007_1"
5.3384,3.7402,24.846,1.5769,0.10103,0.36865,40.07,1.3236,"Ball_007_1"
5.2849,2.1786,23.078,1.4297,0.068308,0.32188,40.676,1.5128,"Ball_007_1"
4.6823,3.6331,22.819,1.2889,0.065624,0.31357,41.757,1.3726,"Ball_007_1"
4.6255,3.5566,24.216,1.5042,0.058005,0.27181,48.704,1.215,"Ball_007_1"
4.012,3.7406,23.741,1.483,0.041408,0.23383,44.812,1.4314,"Ball_007_1"
4.7492,3.0097,25.51,1.5348,0.04967,0.27883,44.363,1.5448,"Ball_007_1"
4.6988,3.9713,22.062,1.3254,0.055952,0.33865,38.548,1.2118,"Ball_007_1"
5.4783,2.4069,29.475,1.2889,0.05525,0.26409,45.435,1.6241,"Ball_007_1"
4.8593,3.4643,25.714,1.2515,0.064603,0.32511,42.315,1.2803,"Ball_007_1"
5.3532,3.7765,26.47,1.0073,0.051428,0.28153,38.915,1.4127,"Ball_007_1"
3.8192,3.7695,21.766,1.4575,0.078195,0.25073,46.557,1.4134,"Ball_007_1"
5.065,2.9477,24.951,1.2836,0.065469,0.34837,39.694,1.4935,"Ball_007_1"
5.6088,3.3538,23.399,1.2242,0.075805,0.43123,38.022,1.3473,"Ball_007_1"
4.8903,2.5994,23.826,1.2747,0.060931,0.37202,37.399,1.6123,"Ball_007_1"
5.17,3.6465,30.076,1.228,0.032822,0.2974,41.242,1.5221,"Ball_007_1"
4.4892,3.5646,21.341,1.2029,0.069082,0.30333,37.543,1.6833,"Ball_007_1"
4.3187,3.7808,24.871,1.4534,0.079266,0.30244,42.234,1.6645,"Ball_007_1"
5.0619,3.2654,21.103,1.4581,0.079526,0.36253,41.704,1.4804,"Ball_007_1"
5.1538,3.9499,22.719,1.1793,0.074387,0.32802,41.776,1.6499,"Ball_007_1"
4.8609,2.8025,26.495,1.3362,0.075067,0.31225,42.947,1.319,"Ball_007_1"
3.9052,2.8755,26.706,1.2128,0.06003,0.32034,43.028,1.3974,"Ball_007_1"
5.3204,3.4777,28.857,1.5179,0.068535,0.21063,47.035,1.4088,"Ball_007_1"
4.5534,4.1557,20.341,1.3287,0.076439,0.27376,34.662,1.3584,"Ball_007_1"
5.3284,3.1563,23.456,1.921,0.064281,0.35986,37.477,1.4833,"Ball_007_1"
4.2323,3.4106,24.118,1.3792,0.10217,0.41141,46.118,1.3916,"Ball_007_1"
5.3185,3.2275,22.856,1.7146,0.058074,0.39313,42.549,1.8307,"Ball_007_1"
4.0109,2.5967,23.43,1.4494,0.06853,0.31898,43.782,1.7943,"Ball_007_1"
4.5064,3.5439,27.687,1.25,0.054318,0.32831,47.702,1.7088,"Ball_007_1"
5.2795,3.9474,26.399,1.6449,0.044655,0.34497,39.251,1.3998,"Ball_007_1"
4.5781,3.5616,28.917,1.5815,0.087768,0.26575,43.428,1.4765,"Ball_007_1"
5.4576,3.0344,22.944,1.2261,0.0467,0.36559,44.119,1.5238,"Ball_007_1"
4.3196,3.0398,21.643,1.3579,0.10297,0.37654,38.056,1.4525,"Ball_007_1"
5.0146,2.5615,27.749,1.2924,0.05193,0.3247,43.835,1.4045,"Ball_007_1"
4.6777,3.6759,24.613,1.261,0.043897,0.24216,39.574,1.4752,"Ball_007_1"
5.8535,3.7649,22.168,1.0897,0.066376,0.27383,41.405,1.2139,"Ball_007_1"
4.607,3.6888,20.354,1.5075,0.063943,0.2438,42.424,1.5185,"Ball_007_1"
4.8017,3.1926,20.419,1.3736,0.083225,0.27215,42.561,1.4677,"Ball_007_1"
5.1402,3.6549,24.896,1.2377,0.072784,0.34227,44.2,1.2554,"Ball_007_1"
5.2591,2.6278,25.827,1.5232,0.076198,0.35354,44.465,1.2294,"Ball_007_1"
4.8079,3.5921,31.846,1.5939,0.065719,0.27137,43.115,1.3146,"Ball_007_1"
4.9559,4.3182,25.74,1.5506,0.046905,0.25311,44.342,1.1493,"Ball_007_1"
4.5975,4.1774,24.245,1.6173,0.050704,0.3242,41.024,1.5624,"Ball_007_1"
5.1851,2.4602,21.981,1.5002,0.067424,0.27495,46.359,1.1855,"Ball_007_1"
4.8774,3.6926,25.608,1.2563,0.064318,0.33233,38.268,1.6931,"Ball_007_1"
5.9739,2.2935,23.317,1.4834,0.061568,0.19806,37.779,1.4286,"Ball_007_1"
4.7644,3.0317,21.649,1.2707,0.063699,0.25842,45.466,1.537,"Ball_007_1"
5.0186,3.4863,25.396,1.5327,0.042648,0.26252,40.73,1.2813,"Ball_007_1"
4.1686,4.1396,26.024,1.432,0.076623,0.35293,41.235,1.4646,"Ball_007_1"
5.4931,3.2107,22.084,1.2072,0.070479,0.35996,36.366,1.4795,"Ball_007_1"
4.8487,3.9984,29.07,1.0618,0.070426,0.33883,36.973,1.4579,"Ball_007_1"
5.9162,2.5377,23.929,1.6221,0.067582,0.25156,40.234,1.262,"Ball_007_1"
5.0195,2.6101,20.23,1.3216,0.047578,0.33013,38.891,1.4729,"Ball_007_1"
4.3071,4.1844,25.308,1.4278,0.047597,0.33086,46.809,1.4657,"Ball_007_1"
5.1753,3.7385,22.75,1.5461,0.064493,0.35865,42.412,1.8495,"Ball_007_1"
4.5219,2.8132,22.873,1.199,0.045876,0.31317,38.598,1.4237,"Ball_007_1"
5.2595,3.2666,22.741,1.4508,0.074083,0.3163,42.296,1.2123,"Ball_007_1"
5.4207,3.2684,26.067,1.4719,0.050457,0.42123,40.381,1.7311,"Ball_007_1"
5.682,2.5725,27.986,1.1167,0.055294,0.24882,35.175,1.2131,"Ball_007_1"
4.3937,4.1779,24.212,1.1769,0.048449,0.28312,48.152,1.4676,"Ball_007_1"
4.494,3.8654,23.352,1.3983,0.056865,0.41322,40.798,1.5494,"Ball_007_1"
4.5845,3.4295,26.276,1.1361,0.077207,0.35652,40.773,1.3856,"Ball_007_1"
5.9545,2.9526,24.565,1.1942,0.058555,0.2719,41.981,1.6114,"Ball_007_1"
5.0233,3.0832,31.795,1.161,0.077829,0.31665,42.748,1.355,"Ball_007_1"
5.2322,2.6683,23.989,1.1424,0.055335,0.29385,43.939,1.5048,"Ball_007_1"
5.0606,3.4388,25.163,1.2573,0.07852,0.29641,40.303,1.4023,"Ball_007_1"
5.0781,4.3899,26.134,1.3252,0.064294,0.35045,38.702,1.4623,"Ball_007_1"
3.7694,3.2361,23.883,1.2353,0.084361,0.30807,41.454,1.197,"Ball_007_1"
6.1128,3.4085,30.854,1.3477,0.070499,0.33134,46.125,1.3728,"Ball_007_1"
4.56,3.6554,24.175,1.8853,0.068852,0.38287,39.699,1.3759,"Ball_007_1"
5.0829,2.9629,22.858,1.4128,0.060814,0.3205,48.327,1.2244,"Ball_007_1"
4.6977,3.1601,23.541,1.1311,0.057026,0.27953,37.714,1.363,"Ball_007_1"
13.18,2.913,28.791,1.0609,0.11703,0.62206,43.97,1.9099,"Ball_014_1"
12.211,3.2005,32.218,1.3104,0.065561,0.29692,31.921,1.3113,"Ball_014_1"
13.878,3.7879,33.307,1.0655,0.074008,0.36981,37.916,1.1828,"Ball_014_1"
11.185,3.9031,35.463,0.9127,0.057774,0.77345,49.146,2.3699,"Ball_014_1"
11.945,3.3111,12.321,0.8932,0.043266,0.31969,21.166,0.7548,"Ball_014_1"
12.162,4.0072,14.127,0.97485,0.082972,0.46474,18.404,1.405,"Ball_014_1"
12.121,3.0892,19.788,1.3715,0.066659,0.40238,25.808,2.1678,"Ball_014_1"
13.418,3.2294,18.559,0.95431,0.077546,0.3981,27.559,0.89892,"Ball_014_1"
12.399,4.0388,13.112,0.99695,0.054062,0.27289,19.784,1.0122,"Ball_014_1"
13.006,3.0228,27.664,1.0975,0.068316,0.28753,42.534,1.7175,"Ball_014_1"
10.952,3.3383,16.496,0.97042,0.081958,0.53362,31.052,1.7897,"Ball_014_1"
13.816,3.8996,28.609,1.1565,0.064076,0.29084,36.746,1.5531,"Ball_014_1"
11.172,2.8494,28.325,1.3107,0.064418,0.35055,45.212,1.6991,"Ball_014_1"
14.205,2.8293,19.238,0.98795,0.057158,0.23925,17.721,0.78967,"Ball_014_1"
12.364,4.2088,12.688,1.1854,0.063013,0.20276,20.113,0.84301,"Ball_014_1"
12.537,3.614,27.47,1.4817,0.12194,0.33975,42.119,1.1138,"Ball_014_1"
11.767,3.9006,27.291,1.5534,0.20954,0.45688,33.6,1.02,"Ball_014_1"
11.993,3.4235,19.931,1.1948,0.043396,0.32902,17.855,0.82043,"Ball_014_1"
12.653,3.5759,35.03,1.1011,0.085206,0.24259,36.225,1.1382,"Ball_014_1"
11.591,2.8096,17.059,0.88851,0.059961,0.33189,20.049,1.1453,"Ball_014_1"
13.604,3.2641,36.896,1.1267,0.075168,0.35022,50.237,1.5425,"Ball_014_1"
12.127,3.9554,37.922,1.1825,0.086817,0.71158,47.82,1.5002,"Ball_014_1"
12.497,4.1083,40.983,1.2033,0.088785,0.28793,50.631,2.1295,"Ball_014_1"
11.606,3.1612,33.699,0.99264,0.0687,0.42296,48.881,2.0603,"Ball_014_1"
12.496,3.8147,29.596,0.81805,0.064794,0.43933,44.023,1.9093,"Ball_014_1"
12.401,3.3473,33.666,1.2691,0.031083,0.25104,55.232,1.3203,"Ball_014_1"
12.543,3.117,16.526,0.97111,0.054351,0.38368,29.943,0.95183,"Ball_014_1"
13.452,4.1534,8.6388,0.80229,0.065077,0.1959,13.596,0.75938,"Ball_014_1"
12.122,3.7207,21.358,1.0076,0.079626,0.5265,39.701,1.705,"Ball_014_1"
10.845,3.9405,30.586,1.0197,0.052639,0.61206,39.783,3.059,"Ball_014_1"
12.862,3.3938,13.201,0.84073,0.061375,0.29274,17.751,0.75709,"Ball_014_1"
12.192,3.1636,9.0164,0.84472,0.058418,0.20775,11.486,0.77908,"Ball_014_1"
13.412,2.7347,31.8,0.99777,0.099256,0.60686,37.899,1.809,"Ball_014_1"
12.338,5.0148,16.586,1.1186,0.079387,0.4887,23.654,1.3727,"Ball_014_1"
14.098,3.1145,14.977,1.0843,0.083225,0.50524,16.544,1.1528,"Ball_014_1"
9.7997,3.9586,21.862,1.1854,0.064577,0.25107,29.267,1.0635,"Ball_014_1"
13.246,3.559,24.847,1.1139,0.09058,0.46539,42.123,1.6622,"Ball_014_1"
11.057,3.7327,24.835,0.79905,0.067008,0.4263,25.062,1.0169,"Ball_014_1"
14.119,2.9359,14.991,0.91156,0.055907,0.25818,15.633,1.0665,"Ball_014_1"
12.478,4.2467,16.76,1.1011,0.064924,0.2517,24.716,1.0077,"Ball_014_1"
12.552,3.4068,20.898,1.1844,0.050343,0.28957,28.467,0.97978,"Ball_014_1"
12.058,4.1117,22.518,1.046,0.045092,0.26393,17.297,0.98514,"Ball_014_1"
11.904,3.3568,13.887,1.0389,0.073915,0.25186,16.172,0.64285,"Ball_014_1"
13.075,3.2926,18.493,0.97026,0.04966,0.29096,24.041,0.73836,"Ball_014_1"
11.967,3.3793,21.079,1.2638,0.082634,0.25931,31.16,1.2155,"Ball_014_1"
13.83,3.7425,17.828,1.1623,0.045099,0.24842,18.959,0.75232,"Ball_014_1"
11.111,3.9089,11.789,1.0399,0.076381,0.22044,22.298,0.98699,"Ball_014_1"
13.008,3.4073,19.937,1.0722,0.13877,0.52497,28.278,1.3634,"Ball_014_1"
10.449,3.1769,28.106,1.2306,0.11388,0.62465,30.534,1.293,"Ball_014_1"
13.285,3.3605,21.087,1.3242,0.066573,0.29249,29.666,1.1267,"Ball_014_1"
11.938,3.5587,16.069,1.2815,0.25485,0.88919,28.486,1.2934,"Ball_014_1"
12.742,3.2742,11.47,1.2674,0.061712,0.42473,12.995,0.89456,"Ball_014_1"
12.814,4.4651,36.718,1.4277,0.073276,0.30019,39.262,1.2319,"Ball_014_1"
11.768,3.6723,37.282,1.8043,0.06693,0.41713,46.042,1.2443,"Ball_014_1"
12.083,4.0803,33.254,1.3061,0.051321,0.35473,44.984,1.2081,"Ball_014_1"
12.486,3.6921,36.789,1.292,0.061897,0.37845,37.275,1.2522,"Ball_014_1"
11.803,3.4858,29.781,1.181,0.064154,0.2988,37.455,0.93142,"Ball_014_1"
13.286,3.0857,21.321,1.1871,0.062334,0.32684,29.117,1.0165,"Ball_014_1"
12.871,4.1593,14.945,0.78332,0.06517,0.26873,26.125,0.9191,"Ball_014_1"
12.902,3.783,16.225,1.0736,0.067577,0.20587,20.362,1.0101,"Ball_014_1"
10.256,3.6812,31.694,0.99827,0.11231,0.62396,50.558,2.5065,"Ball_014_1"
13.975,3.6596,34.874,1.2859,0.077911,0.63683,43.089,2.7817,"Ball_014_1"
11.682,3.4952,23.829,1.2943,0.063142,0.36245,31.569,1.1484,"Ball_014_1"
13.763,3.5621,32.678,1.7268,0.091644,0.44942,33.31,1.6093,"Ball_014_1"
12.647,3.702,29.543,1.7401,0.070692,0.66397,39.094,1.2719,"Ball_014_1"
13.785,3.6231,26.636,1.2328,0.080616,0.32319,30.551,1.1892,"Ball_014_1"
11.824,3.7512,15.925,0.92304,0.040612,0.25517,24.022,0.81724,"Ball_014_1"
11.74,3.4426,7.7296,0.744,0.049769,0.21625,11.334,0.7972,"Ball_014_1"
11.921,3.4736,7.5252,0.86304,0.059074,0.22141,12.622,0.77908,"Ball_014_1"
11.541,3.5751,10.388,0.97025,0.053084,0.32279,12.621,1.0641,"Ball_014_1"
14.427,3.3962,8.8974,0.93946,0.050183,0.2868,12.987,0.82747,"Ball_014_1"
12.011,3.6708,18.883,1.2794,0.088779,0.27853,17.773,1.2828,"Ball_014_1"
13.305,4.398,18.207,1.136,0.1122,0.47682,31.352,1.9973,"Ball_014_1"
10.612,3.1418,24.123,1.0398,0.085455,0.49399,37.515,1.8911,"Ball_014_1"
13.418,3.8689,37.459,1.1229,0.059827,0.65312,52.95,1.9704,"Ball_014_1"
11.772,3.0126,26.834,1.1593,0.13104,0.71335,35.831,1.8427,"Ball_014_1"
13.391,3.2887,23.228,1.1981,0.097121,0.53274,35.44,1.4194,"Ball_014_1"
13.424,3.5619,25.305,1.1458,0.092666,0.3214,19.396,1.1738,"Ball_014_1"
12.924,3.4707,15.095,1.2058,0.060834,0.26652,18.536,0.98138,"Ball_014_1"
11.377,3.626,25.915,1.2534,0.064007,0.53226,34.348,2.1416,"Ball_014_1"
11.85,3.9681,19.351,1.4094,0.080076,0.60605,29.596,1.0327,"Ball_014_1"
12.463,3.4829,17.968,1.2293,0.065878,0.42225,23.691,1.2583,"Ball_014_1"
13.677,3.6816,17.749,1.1352,0.067045,0.24116,21.039,0.86139,"Ball_014_1"
11.968,3.952,20.765,1.2619,0.12331,0.65249,33.623,1.7401,"Ball_014_1"
13.68,3.589,13.709,1.1056,0.071256,0.2902,17.855,0.97231,"Ball_014_1"
10.632,3.9156,20.448,1.0602,0.078713,0.33813,25.336,1.1415,"Ball_014_1"
12.865,3.2435,15.293,1.1138,0.044071,0.29935,24.74,0.90375,"Ball_014_1"
11.377,3.6926,14.581,1.1414,0.05824,0.26207,19.903,0.9739,"Ball_014_1"
13.299,3.2347,10.244,0.7635,0.054901,0.2298,19.907,0.90214,"Ball_014_1"
12.631,3.8809,31.808,1.6249,0.087103,0.31877,37.94,1.2364,"Ball_014_1"
13.495,3.9933,9.0062,1.1253,0.067582,0.22285,8.913,0.84193,"Ball_014_1"
11.435,4.0795,10.373,0.97316,0.064314,0.4072,13.288,0.96335,"Ball_014_1"
12.1,3.5915,17.972,0.87484,0.06628,0.34493,23.716,1.2126,"Ball_014_1"
12.888,3.7937,19.364,1.1011,0.087885,0.29101,23.863,1.0125,"Ball_014_1"
10.949,3.4439,19.34,1.1001,0.081404,0.26502,31.377,0.98192,"Ball_014_1"
14.688,2.922,13.136,1.0981,0.058702,0.31084,13.138,0.96986,"Ball_014_1"
11.226,4.1295,24.571,1.2883,0.076776,0.31925,24.157,1.0853,"Ball_014_1"
14.216,3.9635,22.701,1.1492,0.074206,0.25998,27.378,1.3466,"Ball_014_1"
10.759,3.7098,28.147,1.536,0.068814,0.30843,30.599,0.97124,"Ball_014_1"
13.249,3.7113,10.449,1.1559,0.045417,0.27621,14.186,0.87417,"Ball_014_1"
11.051,3.236,18.526,1.0079,0.041926,0.27118,19.841,0.84461,"Ball_014_1"
13.919,2.9705,17.59,1.0419,0.051501,0.30676,26.849,0.94489,"Ball_014_1"
12.068,4.3234,18.338,1.4272,0.060512,0.23537,24.931,0.73381,"Ball_014_1"
12.74,3.9704,14.87,1.1613,0.076486,0.25514,18.194,0.99453,"Ball_014_1"
11.47,4.3662,38.957,1.4369,0.0906,0.37275,46.185,1.6682,"Ball_014_1"
13.069,3.259,25.37,1.0956,0.049227,0.41278,33.856,1.2198,"Ball_014_1"
11.78,3.6117,13.632,0.9643,0.081852,0.3402,17.561,1.0146,"Ball_014_1"
13.103,3.1075,19.027,1.0034,0.092276,0.29247,21.052,0.89845,"Ball_014_1"
12.635,3.7092,33.071,1.4871,0.088542,0.46256,40.654,1.4069,"Ball_014_1"
13.497,4.0991,37.16,1.5418,0.071814,0.59045,37.178,1.3722,"Ball_014_1"
11.209,4.444,13.412,1.2927,0.045559,0.25451,17.922,0.73665,"Ball_014_1"
12.464,3.2795,19.686,1.3184,0.085706,0.34992,34.297,1.3221,"Ball_014_1"
10.415,3.9323,20.001,1.3378,0.051567,0.23165,29.127,0.92659,"Ball_014_1"
12.49,3.7302,17.306,1.3678,0.062749,0.25935,26.379,0.9061,"Ball_014_1"
12.37,3.6545,12.437,1.0616,0.050431,0.22347,15.421,0.85305,"Ball_014_1"
8.1652,4.5028,39.113,2.7784,0.73301,4.481,58.165,3.6097,"Ball_021_1"
4.98,2.5854,20.195,1.5023,0.72434,1.5723,29.026,1.4597,"Ball_021_1"
5.3588,2.8955,18.354,1.3414,0.62598,1.3535,25.843,1.105,"Ball_021_1"
5.0353,2.7139,13.986,1.1207,0.35365,1.0831,26.868,1.3406,"Ball_021_1"
5.1969,2.781,13.364,1.1362,0.40668,1.1342,26.391,1.3234,"Ball_021_1"
6.6983,2.8625,16.295,0.93855,0.29111,0.91441,26.858,1.3303,"Ball_021_1"
6.235,4.1979,14.115,0.96557,0.35261,1.1747,28.193,1.3339,"Ball_021_1"
6.3287,2.9273,14.55,1.0687,0.32931,0.97134,25.779,1.7691,"Ball_021_1"
5.1738,2.6885,15.542,1.1591,0.51728,1.1443,29.986,1.7487,"Ball_021_1"
5.9206,2.9312,57.263,2.1696,1.0898,5.3009,82.599,5.1572,"Ball_021_1"
5.2011,3.6983,23.344,1.857,1.088,3.6679,47.301,4.6744,"Ball_021_1"
5.9943,3.49,21.804,1.3159,0.64514,2.0682,44.114,2.2627,"Ball_021_1"
5.5832,3.075,17.479,1.154,0.48597,1.8735,28.329,1.4767,"Ball_021_1"
5.8764,3.4398,15.375,1.069,0.42639,1.2835,26.909,1.4172,"Ball_021_1"
5.5347,3.0338,17.197,0.98948,0.4047,1.0891,28.621,1.7965,"Ball_021_1"
5.6945,2.4116,16.2,0.97784,0.31913,1.1538,29.966,1.468,"Ball_021_1"
4.5253,2.077,14.583,1.0767,0.29142,1.2183,24.613,1.4439,"Ball_021_1"
5.1665,2.8778,15.888,1.2672,0.36948,1.1569,30.965,1.713,"Ball_021_1"
4.9381,3.4051,12.567,1.2393,0.32603,1.0224,24.975,1.3896,"Ball_021_1"
6.3078,2.9011,15.485,1.1668,0.37291,1.0068,26.06,1.541,"Ball_021_1"
5.9628,3.472,14.021,0.93512,0.37994,1.0961,23.973,1.6091,"Ball_021_1"
5.7915,3.4158,15.548,0.78007,0.30624,1.2098,28.767,1.3694,"Ball_021_1"
4.732,2.4331,12.616,1.0853,0.3701,1.0083,24.819,1.4255,"Ball_021_1"
4.928,2.3707,15.249,0.8941,0.47512,1.369,26.099,1.5894,"Ball_021_1"
4.2183,2.9837,15.146,0.91606,0.5727,1.0051,25.676,1.1698,"Ball_021_1"
5.9378,2.5935,15.616,0.75275,0.47604,1.0323,24.557,1.2411,"Ball_021_1"
5.3278,3.2278,15.952,1.1369,0.33096,0.89742,28.249,1.6283,"Ball_021_1"
6.2976,3.8904,14.85,1.1161,0.32689,1.0289,24.48,1.7978,"Ball_021_1"
5.8754,2.5893,14.761,1.1015,0.26143,1.0974,25.514,1.3651,"Ball_021_1"
4.7147,2.2427,14.227,1.0757,0.28895,1.035,25.755,1.5815,"Ball_021_1"
4.7039,2.7996,15.789,1.0014,0.37499,1.1467,29.591,1.4388,"Ball_021_1"
4.8673,2.668,15.073,0.99325,0.38446,1.0404,25.282,1.456,"Ball_021_1"
5.5396,3.2584,13.24,1.1967,0.37273,0.92419,23.203,1.4773,"Ball_021_1"
5.5796,3.459,14.633,1.1653,0.34244,0.93998,27.725,1.4452,"Ball_021_1"
6.2451,3.0363,14.711,1.1498,0.41019,1.0141,27.046,1.3646,"Ball_021_1"
4.8502,2.3072,15.512,0.96642,0.44238,1.0661,28.348,1.7094,"Ball_021_1"
5.4996,2.8179,16.957,1.2791,0.36549,1.2124,26.825,1.9336,"Ball_021_1"
4.0417,2.2291,13.283,1.1321,0.33565,0.88361,23.628,1.6538,"Ball_021_1"
5.6085,3.3815,15.113,0.95585,0.29799,1.0636,30.314,1.709,"Ball_021_1"
6.3376,2.7643,13.926,1.1551,0.39368,0.9353,23.808,1.4081,"Ball_021_1"
5.8549,3.001,14.624,1.2223,0.33038,1.2746,31.165,1.3631,"Ball_021_1"
5.4765,3.7746,18.49,1.3133,0.53119,1.3272,28.854,1.5184,"Ball_021_1"
6.4376,3.0799,28.275,2.143,0.72697,2.618,45.818,3.0176,"Ball_021_1"
4.8642,2.5933,44.159,2.9864,1.535,3.8788,53.512,3.3367,"Ball_021_1"
5.4814,2.9838,11.916,1.1658,0.42291,1.0768,24.818,1.427,"Ball_021_1"
5.7094,3.4318,15.778,1.0551,0.33932,1.2027,24.805,1.3608,"Ball_021_1"
5.1965,2.6282,12.917,1.0425,0.24793,1.0164,25.005,1.5029,"Ball_021_1"
5.8,4.3271,15.898,0.95422,0.41696,0.96755,24.719,1.3671,"Ball_021_1"
5.3786,2.4136,17.714,0.99028,0.24797,1.1049,27.028,1.3722,"Ball_021_1"
5.3301,2.5202,13.434,1.0088,0.33385,1.0517,26.597,1.5229,"Ball_021_1"
5.0426,2.6323,15.597,1.2823,0.45198,1.0871,28.893,1.529,"Ball_021_1"
4.667,3.1049,13.131,1.1213,0.34262,1.0884,25.116,1.1749,"Ball_021_1"
5.5672,3.0273,15.376,0.91589,0.37433,1.0999,29.074,1.438,"Ball_021_1"
6.0468,3.3469,14.254,0.91575,0.30716,1.2084,27.664,1.4444,"Ball_021_1"
6.3583,3.6118,17.45,1.1321,0.28948,0.98699,29.381,1.5609,"Ball_021_1"
7.3676,2.7817,13.814,1.1175,0.37849,1.3722,27.348,1.4507,"Ball_021_1"
5.1213,2.8275,14.725,1.1129,0.36536,1.2862,22.618,1.5702,"Ball_021_1"
5.0753,2.1731,13.602,1.2019,0.49152,1.0392,29.02,1.4442,"Ball_021_1"
5.1164,3.0128,15.636,0.92162,0.39786,1.0677,25.8,1.6833,"Ball_021_1"
6.0906,2.8988,17.544,1.3011,0.40581,1.1477,28.701,1.2782,"Ball_021_1"
6.054,3.7176,13.76,1.01,0.27078,0.97667,27.178,1.4195,"Ball_021_1"
7.8349,3.5894,16.449,1.1033,0.39191,1.0997,28.738,1.5727,"Ball_021_1"
5.3942,3.0545,14.642,1.0823,0.36165,1.0775,24.3,1.6465,"Ball_021_1"
6.0245,2.3154,17.228,1.1048,0.39131,0.88125,32.165,1.4326,"Ball_021_1"
4.7135,2.3442,12.698,0.83016,0.40658,1.2354,23.736,1.5617,"Ball_021_1"
6.363,3.3019,16.366,1.0221,0.42532,1.0324,27.355,1.5745,"Ball_021_1"
6.3985,2.6973,15.005,1.0832,0.33664,1.0131,25.653,1.3137,"Ball_021_1"
6.1054,3.7912,13.456,0.98116,0.41442,1.1521,27.266,1.29,"Ball_021_1"
5.6795,3.0212,13.662,0.97074,0.39551,0.95179,26.5,1.2517,"Ball_021_1"
6.1142,2.3237,15.561,1.164,0.4695,1.1103,27.375,1.5382,"Ball_021_1"
5.3573,2.889,31.848,1.5663,0.79624,2.7598,51.027,3.3209,"Ball_021_1"
5.6603,3.2629,49.992,2.477,0.66693,3.263,64.326,3.8173,"Ball_021_1"
5.6955,3.2155,17.929,1.1583,0.47457,1.2806,23.889,1.5792,"Ball_021_1"
5.4441,2.8252,15.906,0.89422,0.43161,0.9978,29.037,1.5814,"Ball_021_1"
6.1173,3.8855,13.848,1.0948,0.43544,1.3096,24.404,1.6515,"Ball_021_1"
5.23,3.1083,14.593,1.0038,0.40768,1.1365,29.898,1.8299,"Ball_021_1"
5.1798,2.4582,15.39,1.1803,0.40895,1.0648,27.213,1.3355,"Ball_021_1"
4.9735,2.6608,15.859,1.0339,0.46538,0.94703,28.293,1.2589,"Ball_021_1"
4.9214,2.8444,14.449,1.1007,0.38476,0.96304,26.556,1.9266,"Ball_021_1"
4.8532,2.7972,19.309,1.2195,0.4378,1.7024,31.543,2.0246,"Ball_021_1"
5.6968,3.7451,26.016,1.6519,0.57995,2.5907,43.577,2.4407,"Ball_021_1"
5.4788,3.3886,25.806,2.1832,0.86848,2.33,33.784,1.9713,"Ball_021_1"
5.2621,3.3923,17.086,1.1033,0.39326,1.0776,26.967,1.3789,"Ball_021_1"
5.1481,2.6431,15.211,1.0955,0.41246,1.0037,26.41,1.1393,"Ball_021_1"
4.6787,2.2306,14.87,1.1455,0.34847,1.0467,27.018,1.4879,"Ball_021_1"
3.7126,2.9077,14.569,1.0181,0.32456,1.1601,26.606,1.2718,"Ball_021_1"
5.6975,3.2018,14.385,1.2306,0.34664,0.94584,26.901,1.587,"Ball_021_1"
5.4929,3.4558,15.352,1.0443,0.38799,1.1084,26.174,1.4561,"Ball_021_1"
6.3409,3.8443,22.583,1.2045,0.60244,1.2901,36.327,1.9281,"Ball_021_1"
6.4299,4.5634,52.064,4.2825,1.4989,4.1905,71.478,9.535,"Ball_021_1"
4.7542,2.747,25.371,2.2503,1.0437,2.8168,41.348,2.8049,"Ball_021_1"
5.1977,3.3411,13.382,0.95761,0.47265,1.0429,23.669,1.3202,"Ball_021_1"
4.3255,3.0185,15.553,1.1789,0.34226,0.87008,28.617,1.4866,"Ball_021_1"
5.615,3.0229,13.273,1.1596,0.41366,1.0183,23.052,1.1211,"Ball_021_1"
5.4455,3.1515,16.967,0.98849,0.45423,0.95461,25.219,1.4763,"Ball_021_1"
6.2804,3.7928,15.04,1.055,0.32933,1.0063,24.194,1.4875,"Ball_021_1"
4.2885,2.3326,14.752,1.2073,0.38683,1.0192,22.834,1.584,"Ball_021_1"
5.9036,3.1824,16.245,1.2569,0.48995,1.4337,33.934,1.4637,"Ball_021_1"
4.3644,2.729,34.529,2.1035,0.79598,3.5145,53.637,4.4441,"Ball_021_1"
7.2639,4.0421,52.022,3.5797,1.6735,4.1928,72.074,5.1498,"Ball_021_1"
6.7357,3.3605,24.527,1.6078,0.64612,2.5417,42.049,2.4472,"Ball_021_1"
5.9136,3.7421,19.224,1.6057,0.58865,1.5942,30.171,1.8725,"Ball_021_1"
6.0404,3.5174,14.233,1.0618,0.47943,1.226,24.766,1.4779,"Ball_021_1"
5.5764,2.522,15.686,1.0442,0.40889,0.94416,27.02,1.4589,"Ball_021_1"
4.5983,2.1536,14.907,0.97677,0.35282,0.9548,25.696,1.3944,"Ball_021_1"
5.2614,2.8248,18.356,0.90523,0.29289,1.0604,28.836,1.7618,"Ball_021_1"
4.9512,3.8001,12.713,0.99922,0.38895,1.0463,22.594,1.4978,"Ball_021_1"
5.7551,2.6504,17.303,1.0462,0.36626,1.0822,31.594,1.6283,"Ball_021_1"
6.3415,4.0314,14.858,1.1388,0.48273,1.3255,28.149,1.424,"Ball_021_1"
5.4202,3.819,36.161,2.4593,1.2902,3.5938,59.844,4.6876,"Ball_021_1"
7.1042,4.2347,42.317,4.3217,1.9508,4.7406,73.261,6.0685,"Ball_021_1"
6.6331,3.5547,53.646,3.6197,0.9465,3.9197,63.567,4.2083,"Ball_021_1"
5.7211,3.1668,20.068,1.9477,0.67673,2.4893,24.344,1.8927,"Ball_021_1"
5.3442,2.6537,14.53,0.93631,0.43167,0.99033,27.894,1.5541,"Ball_021_1"
6.2867,3.298,12.461,1.1024,0.42622,0.88623,24.044,1.165,"Ball_021_1"
18.369,24.211,-3811.9,70.319,12.958,35.054,-3588.3,77.099,"Ball_028_1"
24.935,39.362,-4781.2,68.499,5.4049,37.773,-2921.9,93.631,"Ball_028_1"
27.725,38.802,-6551.4,70.021,7.954,44.34,-3204.5,95.261,"Ball_028_1"
23.828,32.057,-5555.2,50.92,3.774,39.732,-1466.8,80.004,"Ball_028_1"
22.341,33.858,-8451.3,63.425,5.9649,25.715,-3387.1,96.872,"Ball_028_1"
22.789,38.666,-4723.7,54.643,5.0288,43.308,-3981.8,88.062,"Ball_028_1"
18.078,41.646,-5826.1,57.592,9.1973,41.214,-2583.1,108.17,"Ball_028_1"
16.784,39.047,-6021,61.374,5.8417,31.638,-3005,84.699,"Ball_028_1"
21.665,46.244,-7407.1,70.533,8.3039,36.976,-3473.9,80.645,"Ball_028_1"
30.16,31.165,-6239.5,67.242,4.2586,38.897,-2463.7,80.014,"Ball_028_1"
26.57,29.848,-5738.3,61.502,7.928,26.08,-3837.5,93.778,"Ball_028_1"
17.418,20.33,-3101.3,46.951,7.1629,25.024,-2746,78.738,"Ball_028_1"
17.608,23.076,-4326,66.068,9.0279,24.414,-5322.2,90.857,"Ball_028_1"
20.805,29.053,-7605.6,59.311,7.3273,32.619,-3545.9,85.02,"Ball_028_1"
23.427,46.324,-7533.5,69.539,7.8957,38.746,-3466.2,97.216,"Ball_028_1"
26.229,36.136,-5067.4,61.212,6.3795,28.692,-3694.2,77.211,"Ball_028_1"
20.082,45.903,-4467.8,57.632,6.1907,50.348,-4129,89.018,"Ball_028_1"
18.9,38.003,-2929.5,57.294,8.1614,41.943,-2123.2,93.213,"Ball_028_1"
20.622,48.102,-7246.8,60.573,5.7427,32.733,-4674.7,96.731,"Ball_028_1"
29.094,37.213,-5678.2,56.864,8.8665,40.777,-3310.8,80.946,"Ball_028_1"
29.796,42.675,-5140.2,65.642,4.7615,36.265,-1607.8,102.03,"Ball_028_1"
14.332,23.951,-7450.5,56.909,6.2276,20.796,-2702.7,66.47,"Ball_028_1"
11.689,21.371,-3782.2,51.29,6.378,30.231,-1170.5,78.366,"Ball_028_1"
15.378,30.93,-5832.2,64.672,7.7808,30.757,-4469.9,85.383,"Ball_028_1"
18.533,24.539,-3070.7,42.316,6.1984,25.903,-3321.7,77.446,"Ball_028_1"
14.081,23.699,-4322.1,56.097,6.6233,28.837,-4504.6,97.513,"Ball_028_1"
16.508,21.279,-3901,50.236,8.9365,29.2,-2259.2,91.196,"Ball_028_1"
16.44,33.338,-4298.2,58.745,7.5961,43.43,-5119.6,93.938,"Ball_028_1"
17.283,35.586,-2775.1,46.084,4.205,33.445,-1682.1,74.898,"Ball_028_1"
19.432,27.21,-6010,62.902,5.2837,22.4,-2710.9,68.787,"Ball_028_1"
16.633,17.008,-5671.4,33.332,6.1768,24.712,-1898.4,60.73,"Ball_028_1"
22.054,26.288,-3793.8,59.282,9.2242,39.958,-3449.4,78.352,"Ball_028_1"
28.753,44.88,-1251.8,48.766,7.5555,33.846,-2650.9,76.948,"Ball_028_1"
29.467,27.153,-6478.5,69.388,7.6989,19.484,-3326.3,79.77,"Ball_028_1"
27.257,23.095,-3375.2,50.699,4.548,22.392,-1215.4,67.037,"Ball_028_1"
31.819,25.928,-4479.1,78.073,7.3832,30.347,-1917,77.056,"Ball_028_1"
19.734,27.646,-5087.9,64.369,5.9801,25.614,-3357.7,80.482,"Ball_028_1"
17.866,31.536,-6163.7,58.341,6.5594,16.202,-3329.4,63.913,"Ball_028_1"
21.506,25.129,-3642.3,49.917,3.8878,19.149,-1933.1,62.891,"Ball_028_1"
23.811,33.977,-7644.7,59.298,4.9373,15.736,-2808.9,52.103,"Ball_028_1"
23.964,23.014,-3708.3,50.936,5.211,23.816,-2442.5,78.496,"Ball_028_1"
25.818,33.623,-1519.6,56.87,4.342,37.684,-1387.1,79.06,"Ball_028_1"
29.486,29.697,-4008.4,41.163,4.2435,28.55,-1710.2,68.632,"Ball_028_1"
28.432,34.925,-5597,35.692,7.6754,31.436,-5256.1,73.574,"Ball_028_1"
17.918,29.082,-2358.1,44.41,3.8087,32.542,-2232.8,74.376,"Ball_028_1"
28.363,46.019,-5548.6,70.865,6.9251,51.986,-2925.7,93.725,"Ball_028_1"
21.428,34.924,-6716.1,63.261,6.3934,24.327,-4763.7,95.075,"Ball_028_1"
14.132,28.817,-3588,61.176,5.2174,27.403,-3330.2,88.969,"Ball_028_1"
13.169,22.746,-3917.1,32.43,6.7709,20.834,-742.14,77.797,"Ball_028_1"
16.269,23.475,-3396.1,8.4979,9.4899,32.107,-4527.7,90.466,"Ball_028_1"
17.408,24.646,-4296.7,60.629,7.4608,30.878,-4357.3,86.972,"Ball_028_1"
14.372,22.323,-5946.9,48.517,5.3481,21.833,-3583.5,98.014,"Ball_028_1"
10.255,23.538,-5597.4,41.172,6.815,25.254,-4068.6,82.768,"Ball_028_1"
35.121,40.455,-8945.3,48.943,8.9311,30.574,-4023.1,98.698,"Ball_028_1"
41.243,40.873,-5425.5,61.159,4.8191,44.374,-1490.1,98.849,"Ball_028_1"
34.382,31.172,-6617.4,61.974,7.4381,34.26,-3934.9,89.878,"Ball_028_1"
28.961,36.308,-6072,64.695,4.5117,34.384,-2882.9,87.049,"Ball_028_1"
42.359,38.57,-5555.2,61.043,7.9786,30.098,-3987.7,75.89,"Ball_028_1"
46.197,31.605,-3315,65.272,6.0735,36.253,-5033,93.1,"Ball_028_1"
45.683,40.059,-5502.1,60.894,6.6238,30.223,-5048.2,72.366,"Ball_028_1"
34.919,22.253,-5240.4,58.343,4.6002,25.452,-2330.9,91.788,"Ball_028_1"
22.735,23.17,-4686.2,63.201,7.7436,23.203,-2364.8,95.703,"Ball_028_1"
20.118,31.218,-5324.9,71.541,8.3805,32.169,-5261.2,91.279,"Ball_028_1"
19.589,36.176,-5817.2,68.18,5.911,30.68,-4490.4,78.428,"Ball_028_1"
16.578,36.386,-7395.5,71.319,6.3863,29.503,-4591.6,93.724,"Ball_028_1"
22.792,31.201,-5439.8,65.623,6.568,29.71,-5263,95.288,"Ball_028_1"
19.875,32.584,-3483.2,50.029,5.0217,24.348,-1785.9,84.696,"Ball_028_1"
12.063,20.827,-3607.4,56.177,4.8753,24.605,-3621.4,71.713,"Ball_028_1"
14.571,34.323,-3494.1,58.769,7.6947,26.102,-3801.1,91.662,"Ball_028_1"
15.744,34.478,-2468.7,50.145,7.2646,34.633,-2838.7,82.91,"Ball_028_1"
30.029,44.9,-4078.1,47.397,6.8793,39.468,-3587.2,107.93,"Ball_028_1"
23.656,42.196,-4666.7,62.963,6.3857,27.384,-4530,96.401,"Ball_028_1"
21.859,43.412,-6346.3,70.29,9.0415,37.931,-5646.9,97.911,"Ball_028_1"
10.603,25.082,-4144.8,41.604,5.1281,20.87,-4541.7,72.33,"Ball_028_1"
12.653,25.996,-5220.9,58.353,5.7875,22.502,-2860.7,78.394,"Ball_028_1"
15.432,26.877,-6460.1,53.958,4.4667,18.612,-1438.4,69.204,"Ball_028_1"
23.744,21.217,-4434.2,57.173,7.811,31.24,-3179,97.488,"Ball_028_1"
23.213,31.726,-4893.4,73.091,6.1046,25.842,-4477.2,85.163,"Ball_028_1"
20.761,37.89,-5353.1,70.249,7.2543,48.771,-4532.5,98.775,"Ball_028_1"
22.579,26.259,-1376.6,50.822,4.8893,18.863,-1278.3,60.808,"Ball_028_1"
25.519,23.742,-7285.5,56.739,6.9509,22.07,-3081.8,71.919,"Ball_028_1"
21.63,23.26,-3385.6,67.346,6.9231,20.537,-3851.5,80.48,"Ball_028_1"
32.749,40.011,-2768.6,54.652,5.9103,42.307,-1425.4,81.738,"Ball_028_1"
29.052,41.645,-6004.5,63.535,6.9389,35.844,-3873.9,96.934,"Ball_028_1"
26.469,40.007,-5889.6,73.999,6.8413,45.808,-4702.3,99.9,"Ball_028_1"
13.345,21.324,-3346.2,51.252,5.2903,17.124,-2782.1,90.623,"Ball_028_1"
19.826,23.856,-5383.5,71.503,9.2871,29.747,-1945,104.04,"Ball_028_1"
21.583,20.664,-4915.7,56.105,6.1994,23.936,-3661.3,92.044,"Ball_028_1"
25.436,32.019,-5991.4,65.794,10.372,30.689,-4209.8,89.858,"Ball_028_1"
19.703,40.036,-5339.7,69.815,9.5405,31.547,-5006.5,77.589,"Ball_028_1"
18.75,38.524,-4046.3,56.385,7.1972,32.01,-4002.7,89.019,"Ball_028_1"
20.349,26.433,-3309.3,42.127,4.3185,26.353,-1805.6,69.385,"Ball_028_1"
13.894,23.377,-4000.7,25.444,4.6619,21.55,-1991.8,67.447,"Ball_028_1"
16.253,25.197,-2502.4,77.521,4.668,37.673,-2648,92.048,"Ball_028_1"
27.438,45.4,-2981.8,39.042,4.755,32.759,-2637.1,73.35,"Ball_028_1"
23.822,35.704,-5454.7,34.087,5.3715,31.899,-3622.2,88.807,"Ball_028_1"
23.279,24.007,-3536.6,49.059,4.2286,26.289,-1913.6,96.263,"Ball_028_1"
26.093,20.004,-4366.5,62.063,7.7306,25.278,-3336.3,96.346,"Ball_028_1"
28.916,23.616,-3987.4,58.331,8.9247,29.337,-2108.8,86.123,"Ball_028_1"
30.405,24.368,-4519.6,69.6,6.7921,28.767,-3607.5,100.66,"Ball_028_1"
30.672,31.745,-4171.8,55.429,8.2624,22.896,-4995.4,88.935,"Ball_028_1"
24.176,27.384,-4837.3,60.225,7.4518,30.834,-4733.2,96.819,"Ball_028_1"
22.861,34.705,-7443.3,64.274,11.717,24.241,-6519.8,87.96,"Ball_028_1"
45.134,35.519,-5693.1,46.847,9.6827,42.146,-2002.3,91.494,"Ball_028_1"
26.628,35.763,-4960.8,43.938,4.7346,25.395,-3248.2,78.552,"Ball_028_1"
18.214,31.731,-5919.6,54.478,3.8554,26.405,-2050.7,90.583,"Ball_028_1"
17.05,29.195,-2825.7,53.025,9.9707,21.666,-1749.8,82.147,"Ball_028_1"
16.063,27.499,-2707.9,50.003,5.4225,43.46,-2852.4,77.787,"Ball_028_1"
13.768,20.95,-2733.1,54.492,7.1443,26.651,-2937.2,97.449,"Ball_028_1"
18.26,24.096,-2596.1,54.296,4.185,28.399,-4585.6,96.595,"Ball_028_1"
19.748,21.405,-4157.6,50.16,8.4544,30.496,-3048.8,90.226,"Ball_028_1"
23.545,19.196,-5325.2,54.94,9.0979,26.375,-4898.9,110.34,"Ball_028_1"
22.245,36.199,-6521.9,73.492,8.0594,32.715,-4947,78.394,"Ball_028_1"
27.583,50.839,-6012.5,70.285,6.0008,37.697,-3930.7,115.46,"Ball_028_1"
22.148,38.079,-3664,50.982,7.0766,29.597,-3954,79.507,"Ball_028_1"
18.378,33.712,66.53,25.091,0.48797,2.7103,69.664,23.363,"IR_007_1"
17.798,31.547,61.103,25.886,0.5864,2.4889,56.876,23.698,"IR_007_1"
17.55,35.607,60.453,24.045,0.3319,2.7517,77.992,25.279,"IR_007_1"
18.219,34.392,58.811,22.353,0.41977,2.7592,76.112,26.179,"IR_007_1"
16.995,36.302,59.247,22.731,0.29267,2.1643,63.39,19.381,"IR_007_1"
16.968,34.523,62.469,25.062,0.56858,2.8109,71.321,20.812,"IR_007_1"
16.952,33.696,61.73,25.931,0.41259,2.8023,71.136,25.664,"IR_007_1"
19.293,33.21,63.396,25.236,0.57478,2.7075,74.344,27.742,"IR_007_1"
16.557,34.246,60.839,24.379,0.30556,2.6834,68.491,22.67,"IR_007_1"
17.142,31.741,58.812,23.841,0.54143,2.4284,67.228,18.579,"IR_007_1"
17.77,35.806,59.46,23.902,0.21692,2.5456,72.334,22.649,"IR_007_1"
17.528,36.603,59.095,24.612,0.55852,2.4711,66.364,23.882,"IR_007_1"
16.913,34.433,60.114,25.93,0.52539,2.9564,66.836,27.256,"IR_007_1"
17.027,34.912,64.952,24.353,0.38606,2.7365,71.754,23.24,"IR_007_1"
17.931,33.75,59.679,25.019,0.5439,2.6629,75,21.979,"IR_007_1"
17.136,33.611,61.902,23.723,0.36915,2.1856,69.549,14.492,"IR_007_1"
17.808,34.607,61.621,24.707,0.37794,3.0757,71.709,20.757,"IR_007_1"
17.757,32.999,57.26,23.78,0.39021,2.6886,61.033,18.797,"IR_007_1"
17.608,37.587,58.326,23.586,0.50356,3.0249,78.639,26.202,"IR_007_1"
16.906,35.356,64.334,22.508,0.4679,2.3274,62.032,24.61,"IR_007_1"
17.628,34.681,61.779,23.184,0.43697,3.5243,72.144,27.083,"IR_007_1"
18.469,33.445,54.609,25.769,0.50735,2.9041,70.658,20.644,"IR_007_1"
17.078,33.405,58.368,22.722,0.39246,2.5491,71.506,14.681,"IR_007_1"
17.696,33.088,62.813,25.405,0.48556,2.4625,64.775,18.611,"IR_007_1"
16.986,34.306,62.72,24.89,0.45523,2.5478,64.836,22.742,"IR_007_1"
19.136,35.372,60.53,23.494,0.5029,2.6623,76.465,27.994,"IR_007_1"
16.651,34.413,60.489,23.987,0.54405,2.6277,72.071,24.046,"IR_007_1"
18.628,31.737,53.224,26.246,0.59466,2.9859,79.5,27.35,"IR_007_1"
17.754,35.389,58.213,24.598,0.4274,2.4194,70.251,20.875,"IR_007_1"
19.409,34.312,58.809,24.269,0.47179,2.4917,72.648,21.024,"IR_007_1"
15.863,34.11,61.593,25.373,0.36015,2.8343,67.772,19.053,"IR_007_1"
17.634,36.094,56.196,22.921,0.62066,2.725,67.316,22.846,"IR_007_1"
17.558,34.312,57.086,23.008,0.471,2.2598,70.343,20.14,"IR_007_1"
17.77,32.772,59.455,25.59,0.53442,2.9042,70.827,21.96,"IR_007_1"
15.924,35.178,63.568,24.46,0.51526,2.6842,74.142,26.41,"IR_007_1"
18.5,33.114,54.354,25.116,0.3412,2.2583,72.452,16.02,"IR_007_1"
16.303,34.338,60.232,25.504,0.42443,2.5371,68.277,18.94,"IR_007_1"
16.79,33.715,60.561,25.884,0.53854,3.172,65.701,25.127,"IR_007_1"
15.724,32.802,62.342,23.861,0.45515,2.5471,73.883,26.34,"IR_007_1"
18.41,35.298,57.65,23.26,0.45975,2.8743,77.55,26.948,"IR_007_1"
16.069,33.481,59.073,22.324,0.57403,2.3238,65.203,19.577,"IR_007_1"
17.355,37.197,60.432,24.102,0.5498,2.5585,67.558,26.833,"IR_007_1"
17.533,32.635,59.046,26.594,0.34261,3.5483,63.045,21.179,"IR_007_1"
17.215,33.701,58.62,25.419,0.55277,3.009,75.201,25.778,"IR_007_1"
17.055,33.465,57.326,25.67,0.44101,2.7155,69.334,25.395,"IR_007_1"
17.385,32.789,59.254,22.668,0.34767,2.6408,69.098,19.919,"IR_007_1"
17.676,34.849,58.963,24.225,0.41049,2.3262,70.315,22.493,"IR_007_1"
17.43,34.632,53.571,23.216,0.39325,2.9081,69.894,18.818,"IR_007_1"
16.594,34.134,56.681,23.545,0.54642,2.332,74.768,29.094,"IR_007_1"
17.202,35.184,61.994,22.771,0.39731,2.6399,68.381,19.824,"IR_007_1"
17.612,33.751,58.117,26.23,0.60621,2.0937,79.474,26.967,"IR_007_1"
18.053,33.236,60.395,25.981,0.38129,2.5686,73.017,26.463,"IR_007_1"
18.51,35.907,57.11,25.643,0.51766,2.3369,66.153,23.445,"IR_007_1"
19.071,30.964,63.641,26.297,0.42661,2.6462,66.012,23.023,"IR_007_1"
17.58,36.233,58.161,23.456,0.76057,2.4896,76.575,26.611,"IR_007_1"
16.678,32.339,61.188,23.701,0.44099,2.7602,71.265,23.459,"IR_007_1"
17.708,35.751,58.711,24.737,0.5487,2.6792,70.938,24.732,"IR_007_1"
19.109,36.462,58.265,23.745,0.39964,3.1446,72.318,27.5,"IR_007_1"
18.742,34.88,56.558,26.45,0.30791,2.4068,70.661,25.324,"IR_007_1"
16.668,32.41,58.52,26.401,0.52717,2.7427,72.702,25.408,"IR_007_1"
19.118,35.151,62.566,25.054,0.58524,2.6312,72.273,24.616,"IR_007_1"
16.753,31.615,59.381,24.035,0.38514,2.7336,72.818,24.067,"IR_007_1"
17.399,36.702,63.148,24.196,0.5937,2.903,70.18,34.141,"IR_007_1"
18.802,35.017,56.323,22.636,0.60102,2.7917,67.133,22.951,"IR_007_1"
18.642,35.163,63.8,24.602,0.4385,2.8811,69.708,26.61,"IR_007_1"
17.902,38.308,60.42,24.75,0.50657,3.0983,69.479,18.466,"IR_007_1"
17.414,32.673,55.683,24.381,0.49616,2.5477,77.219,26.004,"IR_007_1"
18.056,35.264,59.722,24.823,0.48919,2.7996,75.947,24.199,"IR_007_1"
18.753,34.816,60.193,25.893,0.69134,2.6853,70.733,28.286,"IR_007_1"
16.621,34.784,63.562,23.612,0.57855,2.8377,64.895,20.582,"IR_007_1"
16.346,33.119,58.816,24.324,0.68802,2.4103,73.664,26.134,"IR_007_1"
17.98,34.387,56.969,23.417,0.39782,2.5533,67.753,22.423,"IR_007_1"
16.744,34.007,58.399,23.53,0.3517,2.685,76.64,23.377,"IR_007_1"
16.046,36.524,58.647,25.968,0.54443,3.0922,65.374,25.775,"IR_007_1"
18.436,33.871,65.311,22.712,0.41233,3.2162,63.849,23.31,"IR_007_1"
16.648,35.638,58.646,26.539,0.50105,2.7201,71.653,22.538,"IR_007_1"
15.935,32.545,58.097,24.139,0.57018,3.1403,70.336,23.74,"IR_007_1"
16.707,34.806,63.726,25.065,0.50587,2.2916,72.511,24.731,"IR_007_1"
17.142,31.619,59.829,24.004,0.46433,2.5787,60.685,23.489,"IR_007_1"
15.968,36.607,61.255,24.493,0.28031,2.5768,71.432,24.228,"IR_007_1"
17.359,33.93,59.07,23.295,0.5346,2.7723,75.78,18.769,"IR_007_1"
16.323,34.537,62.939,24.411,0.51965,2.9639,68.059,21.72,"IR_007_1"
17.969,35.142,60.643,23.693,0.5141,3.1614,62.856,18.389,"IR_007_1"
17.651,33.762,63.722,26.234,0.41055,2.5633,72.993,20.44,"IR_007_1"
15.661,33.331,55.233,24.447,0.50114,2.4152,71.303,26.46,"IR_007_1"
17.853,36.689,61.035,23.862,0.48704,2.7949,75.355,21.585,"IR_007_1"
17.078,32.976,62.797,25.734,0.41179,2.8755,63.797,14.042,"IR_007_1"
15.928,34.28,61.188,24.071,0.42154,2.602,68.242,18.986,"IR_007_1"
18.829,36.644,60.757,24.383,0.62101,3.0954,68.761,24.721,"IR_007_1"
17.907,31.413,57.374,24.667,0.34846,2.6841,64.925,24.042,"IR_007_1"
17.402,34.759,61.234,23.793,0.46333,2.6776,72.337,24.206,"IR_007_1"
18.493,35.581,58.865,26.449,0.62939,3.1441,73.433,26.783,"IR_007_1"
17.257,33.792,59.451,24.879,0.37627,2.2272,68.091,23.464,"IR_007_1"
17.492,35.865,66.737,25.176,0.6626,2.7806,70.227,20.976,"IR_007_1"
19.392,31.368,56.906,23.991,0.48328,2.3866,59.765,19.866,"IR_007_1"
16.718,35.819,59.534,23.505,0.56936,2.505,75.726,22.51,"IR_007_1"
18.584,36.523,60.719,24.75,0.44595,2.6885,65.804,22.75,"IR_007_1"
18.046,34.929,64.469,24.331,0.49886,2.9189,69.089,28.116,"IR_007_1"
16.908,34.84,54.298,25.837,0.27716,2.6969,74.224,24.021,"IR_007_1"
17.321,34.87,56.757,22.386,0.43383,2.6266,69.059,14.478,"IR_007_1"
17.087,33.351,62.808,24.202,0.40152,2.9141,73.201,20.846,"IR_007_1"
16.886,36.149,61.119,24.989,0.53247,2.6516,66.309,18.245,"IR_007_1"
16.696,33.845,56.354,23.726,0.56502,3.0741,71.689,23.595,"IR_007_1"
18.317,36.724,60.761,24.298,0.55162,2.5754,68.64,23.477,"IR_007_1"
16.055,33.417,60.758,25.344,0.49478,2.5337,76.941,27.238,"IR_007_1"
16.552,36.7,59.41,24.887,0.47086,2.9885,63.491,22.189,"IR_007_1"
17.27,34.041,63.917,26.388,0.62513,2.7445,72.364,33.53,"IR_007_1"
17.879,36.053,60.739,25.024,0.4016,3.0747,67.932,19.089,"IR_007_1"
17.368,34.554,60.894,24.509,0.55643,2.7238,72.191,22.003,"IR_007_1"
16.537,33.891,65.071,26.173,0.35795,2.3081,68.864,25.72,"IR_007_1"
17.493,33.99,56.392,23.128,0.37562,3.3193,73.116,26.075,"IR_007_1"
17.944,35.002,58.637,25.387,0.5565,2.8532,75.01,22.702,"IR_007_1"
16.628,35.082,60.935,24.107,0.49915,2.7858,68.856,25.04,"IR_007_1"
17.835,34.577,62.504,23.279,0.4869,2.4571,73.856,25.624,"IR_007_1"
18.393,35.947,58.978,26.027,0.56034,3.5515,72.963,19.766,"IR_007_1"
5.2899,2.8336,22.805,2.3211,0.15894,0.88201,38.921,13.672,"IR_014_1"
6.1774,3.4832,20.724,2.8378,0.25166,0.92286,28.944,7.0528,"IR_014_1"
5.847,2.9983,21.718,3.4923,0.43277,1.234,34.326,7.7659,"IR_014_1"
5.362,3.2999,17.079,1.8988,0.24101,0.90236,24.295,13.045,"IR_014_1"
5.5204,3.1733,18.244,1.7869,0.39747,1.1683,36.845,14.967,"IR_014_1"
6.5191,2.4985,17.739,2.4844,0.15971,0.70734,22.082,7.6192,"IR_014_1"
4.7737,2.9336,23.7,2.2504,0.20443,1.0209,31.79,8.8622,"IR_014_1"
6.6694,2.7624,19.685,2.1464,0.18192,0.95737,24.688,8.3248,"IR_014_1"
4.7496,3.1101,19.994,2.9024,0.266,0.93468,31.007,8.7394,"IR_014_1"
5.2805,3.6461,22.53,2.8316,0.28454,1.3013,26.719,14.999,"IR_014_1"
5.5882,4.112,20.048,2.5916,0.28801,0.82472,31.916,12.078,"IR_014_1"
5.1763,2.2752,19.16,3.5395,0.27056,1.1042,27.264,11.105,"IR_014_1"
6.5405,3.2833,23.388,2.6453,0.25103,0.82311,27.758,9.8476,"IR_014_1"
5.4404,2.7946,15.185,1.9366,0.18254,1.0169,30.949,9.9643,"IR_014_1"
5.5831,2.4458,19.963,2.3537,0.2733,0.82323,31.852,8.2795,"IR_014_1"
5.3778,3.2437,20.704,3.0426,0.28236,0.87497,26.813,9.2086,"IR_014_1"
5.6693,2.6901,25.874,2.5188,0.39422,0.95864,27.343,10.54,"IR_014_1"
5.4996,2.8695,14.916,1.9019,0.34152,1.0403,24.685,10.851,"IR_014_1"
5.9958,2.8309,22.717,2.1814,0.29174,0.94501,35.093,10.537,"IR_014_1"
6.5117,3.0128,16.894,2.318,0.2991,0.91899,25.494,10.216,"IR_014_1"
4.9776,2.993,23.151,3.1225,0.22877,0.93534,35.006,11.724,"IR_014_1"
6.6939,3.7163,23.37,3.8,0.30352,1.2773,25.297,10.503,"IR_014_1"
5.5466,2.6332,21.55,3.3121,0.236,1.1888,33.651,11.095,"IR_014_1"
5.2783,3.3847,22.505,3.1953,0.32988,1.1636,34.752,14.114,"IR_014_1"
5.8716,2.2616,18.174,2.9168,0.24464,0.67765,29.674,6.5945,"IR_014_1"
4.7515,3.3245,21.653,2.9664,0.33655,1.103,33.114,14.216,"IR_014_1"
5.8575,3.4761,21.858,2.7566,0.30377,0.84473,29.971,11.135,"IR_014_1"
5.9231,3.1378,24.703,3.1867,0.33128,1.1386,31.238,8.1287,"IR_014_1"
5.2998,3.5915,18.569,3.8569,0.25196,1.0542,28.361,9.0625,"IR_014_1"
6.4843,3.4514,20.985,1.729,0.25991,1.076,32.396,12.04,"IR_014_1"
5.2232,2.8528,21.361,2.4096,0.28428,1.2001,29.735,10.013,"IR_014_1"
5.7582,2.8165,18.454,2.1963,0.18543,0.99757,28.682,12.948,"IR_014_1"
4.6259,3.3396,20.452,1.8699,0.18849,0.96119,33.571,12.015,"IR_014_1"
6.4388,2.7411,19.644,2.4625,0.28463,0.68362,29.172,5.6044,"IR_014_1"
4.9157,3.5169,23.458,2.8925,0.22867,1.1596,33.859,10.843,"IR_014_1"
6.0735,2.574,20.752,2.9078,0.1734,1.3277,31.402,13.207,"IR_014_1"
4.539,3.3715,23.427,3.6126,0.31781,1.0219,33.292,13.247,"IR_014_1"
5.4443,2.1453,21.616,2.7499,0.22149,1.0462,34.409,4.9772,"IR_014_1"
6.3184,2.6562,14.244,2.0981,0.30533,0.87834,26.266,9.2797,"IR_014_1"
4.9572,2.6404,24.805,2.2831,0.2905,0.83276,32.179,11.849,"IR_014_1"
6.5597,3.2578,21.247,2.2274,0.20827,1.2239,30.241,8.4571,"IR_014_1"
5.1938,2.849,23.378,3.6428,0.28511,1.1047,34.21,8.1873,"IR_014_1"
5.6659,3.4141,16.849,2.5037,0.35256,1.1806,27.884,6.1796,"IR_014_1"
4.9082,3.1741,26.863,2.9486,0.24277,1.1516,36.962,17.315,"IR_014_1"
6.2658,2.436,19.597,1.8931,0.34814,1.1538,31.475,14.617,"IR_014_1"
5.5739,3.444,18.072,2.4635,0.12648,0.91525,34.704,11.412,"IR_014_1"
6.2363,3.3299,24.026,2.4947,0.26538,1.024,30.715,6.5216,"IR_014_1"
5.7368,3.8345,23.643,3.1659,0.1906,0.91576,32.194,9.1808,"IR_014_1"
5.8157,3.156,24.559,2.1815,0.39975,1.3635,34.038,16.663,"IR_014_1"
5.8012,3.5585,19.326,2.2053,0.24975,0.8501,39.22,12.613,"IR_014_1"
5.439,2.8155,19.992,2.8607,0.32924,1.0836,31.132,13.056,"IR_014_1"
6.4513,3.2301,22.27,3.1702,0.35662,0.78817,35.838,10.913,"IR_014_1"
6.3487,4.0134,18.456,2.507,0.18069,0.7589,32.42,7.0248,"IR_014_1"
5.671,3.1556,24.75,2.9776,0.41078,0.98525,33.837,8.2272,"IR_014_1"
5.7524,3.0057,18.065,2.7496,0.33182,1.0764,29.372,12.996,"IR_014_1"
6.1328,3.0775,20.401,3.4104,0.25067,1.0457,32.128,13.795,"IR_014_1"
6.1132,3.7474,16.784,2.4746,0.3845,1.0458,22.94,5.1195,"IR_014_1"
6.1147,2.3404,20.584,2.5207,0.20313,1.0344,28.085,8.0428,"IR_014_1"
5.6558,3.4756,19.422,1.7575,0.26067,0.75928,26.041,9.0764,"IR_014_1"
6.2311,2.8083,18.821,1.9823,0.20062,1.1096,25.248,9.6886,"IR_014_1"
5.317,3.317,22.588,2.2952,0.23005,0.71271,28.622,9.9891,"IR_014_1"
5.4011,3.1871,18.849,2.3885,0.16049,1.2748,27.644,10.061,"IR_014_1"
5.1508,3.2871,24.44,3.1286,0.29621,1.0129,32.463,10.842,"IR_014_1"
6.4051,2.8974,18.162,2.6955,0.17073,1.0214,28.536,4.9975,"IR_014_1"
4.627,2.7659,16.96,2.4674,0.32592,0.94753,30.019,12.111,"IR_014_1"
7.3908,3.9413,16.023,1.7758,0.23281,0.72622,28.439,7.4041,"IR_014_1"
6.6626,2.8514,26.865,4.4541,0.27179,1.0327,34.289,9.9966,"IR_014_1"
5.8668,4.0655,23.278,3.5681,0.42047,0.96369,33.862,12.56,"IR_014_1"
6.4402,2.5645,20.748,2.7327,0.24142,1.03,33.161,9.4671,"IR_014_1"
4.9363,3.4357,21.342,2.1705,0.35359,1.1168,37.568,8.6809,"IR_014_1"
6.4193,2.5254,19.402,2.1514,0.22164,0.79547,27.453,7.7614,"IR_014_1"
5.145,3.22,24.283,2.727,0.21031,0.96067,32.763,15.33,"IR_014_1"
5.9245,2.8561,21.403,2.3966,0.21548,1.0166,33.262,10.683,"IR_014_1"
6.0438,3.0288,25.668,2.4349,0.29743,1.0458,31.843,10.273,"IR_014_1"
5.2888,3.133,21.444,2.4328,0.21075,0.98021,33.782,9.6401,"IR_014_1"
5.1426,2.9517,23.363,2.5983,0.35891,0.99321,31.944,12.473,"IR_014_1"
4.5114,2.6282,18.571,2.5362,0.26352,1.2219,37.516,9.7156,"IR_014_1"
6.3878,2.57,17.255,2.4752,0.20698,0.88135,24.925,6.849,"IR_014_1"
5.2039,3.2152,25.282,2.6858,0.26698,1.3215,37.202,14.251,"IR_014_1"
5.1302,3.7086,22.225,3.9031,0.3737,0.71944,29.648,12.907,"IR_014_1"
7.0737,3.5201,25.43,3.9049,0.51324,1.1712,35.466,6.9407,"IR_014_1"
4.8159,2.6044,19.515,2.3712,0.40504,0.89577,26.847,7.6815,"IR_014_1"
5.7656,3.3778,20.39,2.2988,0.38909,1.0576,34.582,12.714,"IR_014_1"
4.8054,2.4641,17.588,2.0781,0.18133,0.74537,27.829,9.8504,"IR_014_1"
6.6453,3.3685,19.575,2.0077,0.31906,1.0195,32.398,12.534,"IR_014_1"
6.3426,3.3305,22.658,2.1382,0.14701,1.2004,32.394,11.527,"IR_014_1"
5.7124,3.1424,21.016,2.4709,0.22079,1.0815,36.785,5.7859,"IR_014_1"
5.8009,3.4719,26.399,3.026,0.23029,1.3356,37.127,9.607,"IR_014_1"
5.1315,3.4774,21.363,1.9301,0.1579,1.2367,31.626,11.237,"IR_014_1"
5.6675,3.5204,22.231,2.5562,0.20404,1.1454,31.134,12.686,"IR_014_1"
5.4763,2.9181,20.757,2.9578,0.35397,1.2945,30.043,16.431,"IR_014_1"
6.9146,4.4775,22.514,3.1586,0.27893,0.85509,30.899,6.619,"IR_014_1"
5.6036,3.5323,23.041,3.9446,0.35382,1.1802,33.067,7.1575,"IR_014_1"
5.7478,3.3819,23.034,2.5688,0.34066,0.92166,34.654,12.012,"IR_014_1"
5.5643,2.9557,25.481,2.6992,0.36145,1.3317,35.653,15.423,"IR_014_1"
5.2638,3.1073,21.103,2.6463,0.29695,1.1209,31.542,12.691,"IR_014_1"
5.9271,2.7461,18.76,1.8393,0.18634,0.96277,33.085,15.147,"IR_014_1"
5.6785,2.6645,20.39,2.2906,0.21013,0.99404,34.652,8.9059,"IR_014_1"
6.1994,3.267,21.046,3.3968,0.26226,0.86143,31.102,10.42,"IR_014_1"
4.9081,3.6265,25.891,3.0598,0.26695,1.3159,32.827,7.4199,"IR_014_1"
5.3008,2.9005,19.727,2.6673,0.28725,0.72466,22.251,10.47,"IR_014_1"
5.0062,3.4965,22.758,2.3137,0.33085,1.3885,33.383,15.302,"IR_014_1"
6.4461,2.6844,17.445,1.9006,0.27236,0.72175,27.475,12.884,"IR_014_1"
5.4671,2.2324,20.206,3.0046,0.31242,0.97119,30.745,11.145,"IR_014_1"
5.1967,3.8922,22.537,3.3003,0.31887,0.86446,34.369,12.387,"IR_014_1"
6.7723,2.9345,18.287,2.2592,0.25106,0.90607,29.706,6.7231,"IR_014_1"
6.0075,2.8336,22.127,2.8717,0.57665,0.98218,24.605,7.8625,"IR_014_1"
5.413,3.1773,17.805,2.3123,0.22245,0.94651,26.642,11.955,"IR_014_1"
5.2966,3.0863,18.515,2.0285,0.30548,0.97537,33.114,11.825,"IR_014_1"
5.1958,2.5176,15.772,1.9134,0.21291,0.96631,22.523,6.6019,"IR_014_1"
5.9129,2.9247,22.694,2.3441,0.24779,0.88994,28.167,10.121,"IR_014_1"
5.7227,3.9255,19.099,3.1984,0.31826,1.084,24.752,8.5774,"IR_014_1"
5.6886,3.6351,22.847,3.8644,0.31064,0.82834,24.007,10.622,"IR_014_1"
6.2061,3.1372,19.338,2.9108,0.29647,1.3042,28.48,14.397,"IR_014_1"
4.9377,2.5737,21.029,2.4596,0.27484,0.7174,24.907,9.3163,"IR_014_1"
30.305,10.833,78.835,9.3833,0.31363,1.0608,69.34,4.7805,"IR_021_1"
31.506,8.5479,94.902,11.672,0.34876,1.4489,42.05,4.5462,"IR_021_1"
31.607,10.33,98.366,10.57,0.40238,1.4245,57.028,3.9718,"IR_021_1"
33.084,10.99,104.4,10.593,0.41469,1.6489,22.329,3.5035,"IR_021_1"
26.888,11.637,99.626,11.615,0.40492,1.4378,69.694,4.9437,"IR_021_1"
26.013,7.9311,88.837,13.09,0.27456,1.5652,60.346,5.6535,"IR_021_1"
24.915,9.7941,66.164,9.776,0.35614,1.3671,79.936,5.2022,"IR_021_1"
25.954,7.5595,51.703,11.016,0.28377,1.3262,75.222,3.6007,"IR_021_1"
28.976,11.276,21.273,10.896,0.42648,1.9689,96.437,3.6845,"IR_021_1"
29.197,10.968,17.965,9.9885,0.27448,1.5215,81.952,3.9393,"IR_021_1"
29.154,10.02,50.84,12.278,0.52887,1.7181,70.293,3.4753,"IR_021_1"
31.49,9.4475,42.03,11.928,0.26097,1.193,86.162,3.5736,"IR_021_1"
27.843,10.399,82.309,11.861,0.29876,1.512,41.362,3.8661,"IR_021_1"
29.046,11.115,75.465,12.317,0.28521,1.545,49.98,3.9504,"IR_021_1"
30.484,9.8265,83.152,11.085,0.50595,1.4709,16.524,5.915,"IR_021_1"
29.537,9.6364,61.382,12.245,0.21684,1.3615,98.957,3.9185,"IR_021_1"
32.378,9.8212,34.297,13.543,0.54575,1.5471,73.664,4.4762,"IR_021_1"
28.181,10.824,27.155,11.495,0.26319,1.3276,84.427,4.4553,"IR_021_1"
27.446,10.314,83.72,12.185,0.36697,1.763,64.5,3.2215,"IR_021_1"
28.318,8.0552,82.555,9.8549,0.22258,1.1216,53.595,4.3043,"IR_021_1"
32.512,10.145,89.727,10.662,0.42324,1.2373,51.147,3.8935,"IR_021_1"
27.098,8.9547,84.969,10.969,0.28751,1.6212,51.689,3.9858,"IR_021_1"
36.301,11.215,86.516,12.968,0.40911,1.5274,32.792,3.865,"IR_021_1"
30.611,12.948,99.876,14.42,0.5163,1.9143,47.605,4.6928,"IR_021_1"
32.692,9.0347,91.589,12.747,0.44908,2.1185,58.359,5.34,"IR_021_1"
28.689,10.206,67.72,12.322,0.35042,2.247,63.811,4.2894,"IR_021_1"
26.458,10.325,59.145,11.01,0.27883,1.7196,83.794,3.1879,"IR_021_1"
26.146,9.2887,10.91,11.742,0.34207,1.5284,92.216,4.1915,"IR_021_1"
30.352,8.9272,71.576,10.737,0.29271,1.1439,84.954,3.749,"IR_021_1"
29.62,11.755,90.176,12.102,0.51192,1.7393,42.364,3.1063,"IR_021_1"
31.494,10.889,72.543,10.194,0.31008,1.4305,81.338,3.1743,"IR_021_1"
27.198,9.2643,99.943,12.542,0.40521,1.5927,42.657,3.5479,"IR_021_1"
29.089,9.3481,81.077,11.422,0.27534,1.1772,46.453,3.0775,"IR_021_1"
29.174,8.8473,96.69,12.349,0.45633,1.6301,25.5,3.9823,"IR_021_1"
30.566,10.063,80.495,10.37,0.33095,1.6053,59.006,4.3097,"IR_021_1"
29.836,8.9903,95.807,12.923,0.48411,1.5074,31.664,4.7,"IR_021_1"
31.973,10.735,80.859,11.647,0.23776,1.6075,72.222,4.7323,"IR_021_1"
27.306,10.204,92.87,12.846,0.42099,1.6133,15.332,3.8785,"IR_021_1"
30.292,11.006,87.541,10.308,0.23916,1.8174,62.022,3.1364,"IR_021_1"
28.524,10.105,105.14,13.544,0.5892,1.7074,45.994,5.3438,"IR_021_1"
30.753,9.1958,78.841,11.368,0.78924,0.98535,-27.653,3.0828,"IR_021_1"
32.993,10.488,99.653,13.451,0.47965,1.3535,30.773,4.1713,"IR_021_1"
32.606,12.621,69.98,12.248,0.34391,1.8432,76.014,4.7893,"IR_021_1"
33.145,9.9024,99.482,14.705,0.51702,1.8525,41.385,4.4698,"IR_021_1"
32.056,10.364,76.772,11.307,0.35541,1.4006,67.683,3.9074,"IR_021_1"
27.588,9.3804,93.273,10.654,0.27425,1.4061,30.792,4.1754,"IR_021_1"
26.356,11.332,86.947,10.434,0.31654,1.6893,57.899,4.4877,"IR_021_1"
25.374,9.1217,85.465,11.14,0.35384,1.4829,50.453,4.2077,"IR_021_1"
25.977,9.2321,93.354,10.731,0.37296,1.318,54.698,3.6727,"IR_021_1"
28.71,9.964,82.146,11.052,0.32484,1.4186,50.845,3.9668,"IR_021_1"
31.245,11.82,84.108,11.555,0.45694,1.6824,62.583,4.7055,"IR_021_1"
28.461,9.0972,60.487,11.82,0.36495,1.2433,74.765,4.4243,"IR_021_1"
31.3,9.235,37.853,10.203,0.35549,1.3151,91.882,3.6707,"IR_021_1"
29.18,8.7376,47.753,10.241,0.38146,1.53,74.724,3.5379,"IR_021_1"
29.401,9.383,83.137,12.648,0.45767,1.5621,70.043,4.2926,"IR_021_1"
31.085,11.136,72.332,11.095,0.28385,1.8311,51.435,4.5663,"IR_021_1"
29.803,9.2671,77.931,14.083,0.37326,1.6113,73.655,5.423,"IR_021_1"
30.85,10.728,65.309,11.09,0.26219,1.2019,70.068,3.6253,"IR_021_1"
28.806,9.4277,34.144,11.946,0.29016,1.6189,87.511,4.4572,"IR_021_1"
25.733,8.1902,82.496,9.1094,0.16549,1.1754,55.502,3.5837,"IR_021_1"
30.366,10.63,83.721,11.549,0.3601,1.1776,28.529,4.2373,"IR_021_1"
29.745,9.4762,53.94,11.179,0.37743,1.0176,83.819,3.9555,"IR_021_1"
34.565,10.261,28.996,13.129,0.50503,1.3834,86.986,4.2925,"IR_021_1"
30.814,9.6484,12.86,10.428,0.24603,1.2582,81.386,3.5884,"IR_021_1"
32.71,11.498,49.171,14.381,0.50453,1.3777,90.569,3.5838,"IR_021_1"
26.575,9.2625,31.327,12.084,0.35652,1.2492,92.964,3.7359,"IR_021_1"
31.694,9.6538,94.47,12.158,0.2866,1.185,44.018,4.1721,"IR_021_1"
25.795,9.594,98.144,8.6832,0.31132,1.7627,76.838,4.0561,"IR_021_1"
30.317,10.574,90.414,12.228,0.29935,1.7104,37.01,3.9366,"IR_021_1"
26.262,11.076,96.277,11.421,0.41905,1.3834,21.049,5.0281,"IR_021_1"
31.904,10.544,76.674,13.629,0.28761,1.3961,84.654,4.2214,"IR_021_1"
28.572,10.642,35.478,10.363,0.41341,1.1031,86.168,5.481,"IR_021_1"
29.303,9.6593,47.946,9.6664,0.29724,1.3412,82.219,3.6494,"IR_021_1"
27.462,9.7127,56.355,10.944,0.48354,1.4961,69.698,6.0443,"IR_021_1"
30.053,8.7185,54.582,9.8811,0.20629,1.1104,78.369,3.32,"IR_021_1"
28.924,10.713,45.136,12.579,0.37077,1.4677,86.79,4.6144,"IR_021_1"
29.654,10.235,64.692,11.036,0.23369,1.1397,78.058,4.0485,"IR_021_1"
28.537,10.698,67.675,11.939,0.48238,1.5202,86.104,5.0329,"IR_021_1"
28.358,8.7873,61.203,12.13,0.21715,1.2905,83.819,4.8081,"IR_021_1"
30.366,9.8462,77.968,10.533,0.33892,1.4832,60.973,4.5888,"IR_021_1"
29.812,10.605,71.03,10.51,0.55841,1.3122,73.993,3.8795,"IR_021_1"
29.645,9.8197,101.51,12.669,0.4497,1.573,34.368,4.6183,"IR_021_1"
37.316,10.069,80.079,11.502,0.36582,1.6204,59.715,4.0048,"IR_021_1"
29.322,10.049,95.68,12.213,0.30663,1.8093,37.702,3.6427,"IR_021_1"
33.048,11.729,49.082,10.264,0.34479,1.2909,74.024,4.2687,"IR_021_1"
28.572,10.253,77.665,12.287,0.32893,1.6174,81.236,4.4701,"IR_021_1"
27.003,10.258,65.227,12.311,0.33183,1.3975,58.176,3.6873,"IR_021_1"
27.211,9.8483,64.959,12.888,0.28715,1.5207,73.934,4.6807,"IR_021_1"
27.223,11.157,86.274,11.429,0.3782,1.3012,49.915,5.0626,"IR_021_1"
27.065,8.4767,94.37,11.822,0.39959,1.3944,22.312,4.076,"IR_021_1"
30.862,9.5001,83.9,9.8033,0.24076,1.2939,42.643,4.5821,"IR_021_1"
28.573,9.4137,86.534,9.71,0.22894,1.3228,54.188,3.9111,"IR_021_1"
26.232,10.306,80.044,9.6397,0.22516,1.0391,46.7,3.8383,"IR_021_1"
28.531,8.477,2.2392,12.803,0.28654,1.1072,81.191,4.644,"IR_021_1"
27.443,10.463,-10.83,12.475,0.63977,1.5256,83.364,4.1535,"IR_021_1"
31.416,9.6081,84.527,12.461,0.40737,1.5975,54.978,4.4943,"IR_021_1"
30.919,10.893,95.266,10.469,0.39816,1.6847,32.888,4.3505,"IR_021_1"
28.845,11.999,87.333,11.215,0.41953,1.2938,43.954,4.4516,"IR_021_1"
30.776,9.6767,72.938,12.54,0.31021,1.3554,71.901,5.0369,"IR_021_1"
29.313,9.0294,73.52,10.069,0.25132,1.3939,63.035,4.0802,"IR_021_1"
29.808,9.8005,80.797,12.188,0.29273,1.4117,53.766,4.0891,"IR_021_1"
32.416,10.382,96.787,10.702,0.31623,1.1351,42.92,4.335,"IR_021_1"
29.533,9.0305,81.576,12.216,0.4052,1.9626,16.548,4.8985,"IR_021_1"
32.298,9.8116,76.145,10.178,0.28148,1.4371,55.199,3.4182,"IR_021_1"
32.822,9.738,90.594,11.832,0.41249,1.6181,-6.6585,3.2784,"IR_021_1"
25.897,10.497,64.162,10.431,0.27962,1.3221,57.15,4.5167,"IR_021_1"
28.747,8.8609,42.492,10.753,0.32991,1.5282,35.707,4.0503,"IR_021_1"
23.961,8.6882,70.707,11.092,0.2994,1.4657,51.08,3.4754,"IR_021_1"
32.57,10.09,84.647,11.91,0.42315,1.4083,52.043,4.2137,"IR_021_1"
27.101,9.6494,58.414,11.274,0.32479,1.3559,86.319,4.9018,"IR_021_1"
34.219,12.803,57.176,12.684,0.30892,1.3076,98.394,3.7482,"IR_021_1"
25.085,9.6765,78.276,9.7786,0.34518,1.5653,59.149,4.3799,"IR_021_1"
33.801,10.043,50.825,12.503,0.32878,1.5341,98.42,4.5673,"IR_021_1"
24.599,9.2325,30.63,12.714,0.53007,2.2032,83.952,5.4266,"IR_021_1"
30.345,10.016,55.147,11.288,0.29655,1.3424,81.282,2.4422,"IR_021_1"
161.98,130.78,37.709,119.63,0.36169,3.0267,100.14,21.974,"IR_028_1"
169.9,135.25,108.22,132.67,0.40759,4.8853,130.43,20.163,"IR_028_1"
161.17,144.56,104.85,133.77,0.26373,4.9986,137.58,27.495,"IR_028_1"
159.22,163.1,72.403,128.16,0.40004,2.9626,128.6,20.74,"IR_028_1"
175.97,147.03,119.69,132.43,0.36525,4.7289,114.27,23.34,"IR_028_1"
166.2,155.27,96.935,135.52,0.38501,4.0773,101.5,17.972,"IR_028_1"
155.22,133.19,110.49,141.05,0.28859,3.0862,137.34,23.652,"IR_028_1"
157.77,125.36,54.79,128.04,0.2291,4.1062,130.77,21.368,"IR_028_1"
168.8,127.51,53.981,129.55,0.30447,2.9682,115.22,23.698,"IR_028_1"
172.53,126.11,120,136.79,0.40101,3.0372,102.02,19.441,"IR_028_1"
142.44,134.96,82.921,117.29,0.35979,4.7231,105.86,28.139,"IR_028_1"
164.45,140.88,84.5,122.2,0.32626,4.9369,95.89,29.782,"IR_028_1"
173.26,125.44,42.178,133.24,0.59065,5.2895,135.85,23.611,"IR_028_1"
164.73,136.07,19.658,136.87,0.4878,4.9439,121.08,23.295,"IR_028_1"
166.57,128.23,43.1,132.92,0.45748,4.1541,123.88,18.651,"IR_028_1"
159.02,143.2,92.755,129.17,0.39825,3.3401,104.6,23.31,"IR_028_1"
167.11,134.73,113.28,123.98,0.52022,3.565,138.9,21.887,"IR_028_1"
172.13,142.59,108.6,128.9,0.39395,4.9958,122.49,25.734,"IR_028_1"
159.78,133.48,83.338,139.41,0.28732,5.108,112.41,32.231,"IR_028_1"
151.79,132.82,51.379,131.43,0.48608,3.2872,110.52,27.959,"IR_028_1"
170.52,148.45,98.042,129.07,0.29889,3.2271,142.61,22.977,"IR_028_1"
168.32,141.16,99.679,116.51,0.42561,5.0635,117.24,27.061,"IR_028_1"
168.77,137.53,77.495,133.32,0.4358,4.7238,114.33,30.611,"IR_028_1"
163.89,128.64,87.449,139.03,0.41967,6.3601,146.86,27.244,"IR_028_1"
169.08,149.46,134.62,133.97,0.22727,3.5263,139.14,21.204,"IR_028_1"
178.34,137.61,88.626,136.84,0.58072,3.6901,117.53,26.44,"IR_028_1"
162.65,152.64,118,128.19,0.3751,3.8204,116.21,20.864,"IR_028_1"
155.89,137.38,79.913,122.17,0.53308,5.628,141.57,27.629,"IR_028_1"
167.09,151.53,115.81,142.32,0.4432,5.4213,126.19,26.074,"IR_028_1"
164.74,132.13,53.83,142.55,0.34085,3.8698,121.53,19.5,"IR_028_1"
167.47,152.6,77.078,121.87,0.46507,5.3992,135.32,30.107,"IR_028_1"
150.17,135.69,70.747,135.12,0.34315,4.4579,119.56,27.097,"IR_028_1"
179.71,163.53,96.094,136.69,0.34113,5.3895,136.73,22.978,"IR_028_1"
179.11,131.61,61.54,130.15,0.35649,5.7532,110.67,23.807,"IR_028_1"
167.95,136.51,112.91,135.08,0.36221,3.4858,99.747,26.045,"IR_028_1"
150.61,140.83,100.68,122.4,0.52659,5.7631,109.68,31.601,"IR_028_1"
173.87,150.15,65.149,130.3,0.37308,5.6844,128.8,30.454,"IR_028_1"
178.26,153.72,89.502,133.95,0.40599,4.3382,125.75,28.876,"IR_028_1"
165.43,137,76.645,131.97,0.41491,3.9943,129.21,21.469,"IR_028_1"
157.74,138.66,90.415,138.2,0.2946,3.0074,133.67,22.464,"IR_028_1"
156.81,138.93,98.852,129.49,0.30814,4.7375,124.96,26.946,"IR_028_1"
169.3,158.72,91.372,134.33,0.23346,3.766,120.23,28.586,"IR_028_1"
174.8,141.76,68.771,130.15,0.41152,3.8767,115.21,22.111,"IR_028_1"
160.21,154.67,58.491,133.4,0.21175,4.7873,125.97,19.152,"IR_028_1"
158.39,124.69,65.875,124.52,0.56408,5.4196,128.01,25.32,"IR_028_1"
182.75,141.39,-18.939,135.52,0.37923,5.9289,133.46,23.428,"IR_028_1"
170.67,145.76,90.939,131.47,0.52556,4.1402,105.89,25.5,"IR_028_1"
159.23,139.87,41.072,123.05,0.46516,2.8906,123.68,20.445,"IR_028_1"
157.85,141.18,-4.5252,130.96,0.56757,2.8548,99.363,20.895,"IR_028_1"
157.07,145.14,86.917,137.46,0.66637,6.0631,114.55,23.719,"IR_028_1"
164.49,141.78,93.459,127.81,0.45303,7.1624,132.07,35.892,"IR_028_1"
164.65,133.5,99.432,130.91,0.39548,3.1352,129.12,27.433,"IR_028_1"
159.59,161.4,100.55,138.51,0.35603,4.6493,144.88,28.335,"IR_028_1"
176.47,141.97,101.54,120.04,0.27746,4.1143,123.25,25.392,"IR_028_1"
166.75,149.11,103.14,122.06,0.52377,4.5755,130.42,26.09,"IR_028_1"
164.33,133.14,122.54,131.41,0.7943,5.5994,117.3,29.109,"IR_028_1"
147.66,147.3,34.797,125.36,0.30671,4.2636,106.46,27.703,"IR_028_1"
180.4,151.99,45.287,134.06,0.3619,3.9124,125.84,25.587,"IR_028_1"
166.7,132.41,87.954,127.36,0.39923,4.2871,92.457,20.153,"IR_028_1"
153.89,132.33,124.4,143.72,0.29097,4.2151,128.82,22.631,"IR_028_1"
168.78,155.49,75.593,130.7,0.42841,5.0513,123.57,31.876,"IR_028_1"
183.47,152.58,99.594,135.05,0.31653,3.9935,134.93,21.371,"IR_028_1"
172.52,139.92,92.073,129.27,0.35333,3.4945,139.87,23.305,"IR_028_1"
167.89,113.11,74.896,128.41,0.36504,4.6075,115.29,22.096,"IR_028_1"
169.54,131.92,68.594,132.49,0.47108,4.3019,143.31,27.242,"IR_028_1"
173.5,141.92,67.939,137.69,0.41372,4.9292,101.03,25.859,"IR_028_1"
173.51,148.65,76.522,136.69,0.27547,4.2379,133.46,25.31,"IR_028_1"
162.84,141.04,26.083,137.56,0.42824,5.5401,125.75,25.819,"IR_028_1"
160.74,150.52,99.994,127.03,0.29159,5.4944,134.28,30.857,"IR_028_1"
167.26,163.91,81.713,121.44,0.26802,4.627,120.51,28.484,"IR_028_1"
174.99,143.87,63.079,141,0.36865,5.3361,106.68,27.813,"IR_028_1"
171.34,140.35,69.102,124.52,0.38841,4.2497,133.74,24.056,"IR_028_1"
174.25,134.99,96.394,125.18,0.38009,3.7462,124.3,28.428,"IR_028_1"
175.5,128.08,111.77,128,0.54586,5.6841,137.98,25.671,"IR_028_1"
174.6,138.81,104.58,135.72,0.48761,4.593,115.3,24.874,"IR_028_1"
169.85,158.03,123.04,130.64,0.47065,6.9541,123.31,28.078,"IR_028_1"
174.63,129.39,48.916,135.96,0.34027,3.5046,104.73,21.776,"IR_028_1"
156.89,145.6,78.346,125.46,0.37284,3.0094,129.59,16.866,"IR_028_1"
189.89,141.23,86.806,129.1,0.31317,4.3346,114.57,20.476,"IR_028_1"
167.9,141.7,62.862,129.71,0.49512,3.2769,119.88,24.189,"IR_028_1"
164.87,143.36,59.747,137.82,0.30202,3.6467,112.41,22.077,"IR_028_1"
151.35,157.7,146.65,141.6,0.39778,4.854,115.85,26.122,"IR_028_1"
169.59,143.16,100.81,134.45,0.4601,4.3905,114.02,24.289,"IR_028_1"
177.63,145.63,89.842,129.95,0.38813,3.3617,113.43,21.707,"IR_028_1"
174.61,131.36,117.17,130.49,0.30411,4.0647,110.21,23.723,"IR_028_1"
162.6,121.36,69.88,132.94,0.27733,3.1909,132.15,21.377,"IR_028_1"
167.53,122.31,94.77,121.02,0.26486,4.0232,125.81,22.65,"IR_028_1"
166.84,139.61,70.094,113.8,0.42315,5.364,71.598,24.286,"IR_028_1"
171.62,144.72,114.06,134.31,0.45177,4.7853,117.3,32.941,"IR_028_1"
160.73,146.26,40.772,148.32,0.42445,6.7367,125.93,29.883,"IR_028_1"
173.78,140.35,60.151,125.18,0.25738,2.9763,95.563,23.483,"IR_028_1"
185.1,147.73,65.564,129.09,0.36334,3.8922,117.66,21.095,"IR_028_1"
166.78,151.21,24.365,121.62,0.3709,4.4497,118.97,26.392,"IR_028_1"
167.63,139.19,42.128,136.5,0.3052,5.3445,87.12,21.896,"IR_028_1"
170.69,145.34,81.707,132.92,0.32494,3.1545,108.58,24.301,"IR_028_1"
178.35,135.37,30.769,120.7,0.38061,5.9957,129.62,29.984,"IR_028_1"
165.84,142.43,113.59,137.27,0.27744,4.0753,142.37,24.644,"IR_028_1"
164.32,147.89,56.519,124.46,0.45996,4.4904,140.71,26.566,"IR_028_1"
162.57,138.4,26.11,134.1,0.44355,4.2079,133.85,26.871,"IR_028_1"
168.35,127.39,122.47,122.3,0.34945,3.5482,127.9,22.747,"IR_028_1"
174.31,130.91,84.796,130.35,0.33457,4.9678,119.06,24.36,"IR_028_1"
172.92,124.64,81.551,136.53,0.23122,3.9851,122.09,22.953,"IR_028_1"
151.64,136.88,68.686,122.24,0.19794,5.7945,107.55,29.027,"IR_028_1"
184.12,152.61,87.666,143.54,0.5188,3.0611,115.17,20.166,"IR_028_1"
160.22,132.6,96.882,133.78,0.46794,3.8368,129.78,23.625,"IR_028_1"
157.46,144.41,116.13,125.02,0.43645,3.7217,125.47,23.406,"IR_028_1"
156.8,141.31,112.65,119.49,0.22027,3.0881,112.63,26.757,"IR_028_1"
172.73,149.95,89.617,139.93,0.3579,5.602,129.34,28.278,"IR_028_1"
168.87,141.38,87.885,121.57,0.38475,5.3495,135.1,24.097,"IR_028_1"
156.03,142.23,42.485,139.24,0.15225,3.7648,130.25,21.503,"IR_028_1"
167.33,138.83,96.115,127.79,0.32778,4.4185,129.66,21.116,"IR_028_1"
176.17,140.69,55.102,133.4,0.4174,5.9368,115.57,31.059,"IR_028_1"
176.11,142.92,44.474,127.33,0.32951,4.842,108.41,26.741,"IR_028_1"
169.94,136.88,111.16,140.21,0.2278,4.0342,111.71,26.59,"IR_028_1"
153.52,119.66,81.624,127.66,0.4188,4.6211,130.4,26.32,"IR_028_1"
7.6233,10.803,61.27,9.1943,5.5812,11.929,-24.041,46.414,"OR_007_6_1"
8.0894,20.113,28.531,9.4977,7.6272,16.907,-17.884,25.534,"OR_007_6_1"
9.0028,9.1791,54.14,9.0288,5.5573,11.049,-58.193,39.043,"OR_007_6_1"
7.6479,6.6743,19.426,8.86,6.4933,14.307,-30.407,27.412,"OR_007_6_1"
8.1793,7.2402,41.158,8.992,5.2342,9.4202,-76.231,37.818,"OR_007_6_1"
7.4608,20.768,23.596,8.7317,6.9015,14.274,-0.28512,26.05,"OR_007_6_1"
7.4384,14.042,52.904,9.9769,7.0323,11.349,-28.561,29.029,"OR_007_6_1"
8.9479,13.634,51.37,8.2986,12.521,14.25,-2.1267,27.571,"OR_007_6_1"
9.3034,12.892,57.407,9.9869,6.3772,11.843,-37.02,34.904,"OR_007_6_1"
10.257,9.9243,59.38,9.8364,8.2175,12.337,-120.13,39.129,"OR_007_6_1"
6.8217,7.6474,63.585,10.002,7.9199,9.738,-44.293,35.689,"OR_007_6_1"
8.197,9.2678,56.689,9.3564,8.0901,12.411,-45.84,40.193,"OR_007_6_1"
7.0688,11.754,70.851,8.4473,5.2289,12.847,-27.424,31.667,"OR_007_6_1"
9.6555,14.791,65.158,7.4479,9.3792,14.022,-39.441,38.806,"OR_007_6_1"
5.8833,19.018,64.401,9.8483,10.738,11.312,-30.472,38.015,"OR_007_6_1"
8.5072,9.9694,68.041,8.7699,6.2449,14.313,-111.82,39.69,"OR_007_6_1"
5.8666,5.5583,58.387,9.4692,7.4895,10.083,-71.099,40.982,"OR_007_6_1"
9.6759,10.054,69.861,8.3981,6.3285,12.197,-97.753,42.827,"OR_007_6_1"
7.7174,18.601,56.455,10.084,8.2921,10.432,-53.125,36.621,"OR_007_6_1"
7.8392,12.794,70.632,7.9197,9.3165,15.996,-46.793,36.979,"OR_007_6_1"
8.2306,13.846,61.306,8.9544,10.636,11.252,-36.367,39.598,"OR_007_6_1"
8.2847,9.5933,76.38,8.9477,7.488,14.145,-108.75,33.723,"OR_007_6_1"
6.6974,7.4589,52.406,9.9087,8.5595,13.801,-69.17,40.814,"OR_007_6_1"
7.865,7.4728,75.781,10.577,6.8022,12.412,-125.7,38.059,"OR_007_6_1"
9.3694,14.442,52.57,12.055,9.5145,12.034,-54.565,37.195,"OR_007_6_1"
7.7546,12.831,68.168,9.1988,8.063,13.916,-54.573,42.491,"OR_007_6_1"
8.1517,14.861,58.152,10.082,13.751,13.254,-24.77,32.931,"OR_007_6_1"
8.2499,17.849,79.772,9.6326,6.1924,13.657,-110.55,33.063,"OR_007_6_1"
6.982,7.8526,44.046,9.7339,10.149,11.872,-46.654,37.963,"OR_007_6_1"
7.4255,6.1296,82.029,9.6884,7.5015,10.695,-117.48,33.839,"OR_007_6_1"
8.1807,11.736,51.872,10.369,11.604,11.478,-57.32,35.34,"OR_007_6_1"
8.0137,16.186,74.06,7.5988,5.7089,14.802,-69.308,36.883,"OR_007_6_1"
6.6163,9.7379,56.791,8.8109,15.171,13.158,-23.428,33.471,"OR_007_6_1"
7.2012,13.89,73.279,8.6218,7.9756,11.827,-92.756,29.932,"OR_007_6_1"
8.0979,12.177,38.054,11.302,6.7555,12.828,-51.584,38.976,"OR_007_6_1"
7.6356,7.2546,55.019,10.069,8.0425,11.223,-78.878,33.406,"OR_007_6_1"
10.424,7.3095,43.281,11.718,6.139,12.646,-86.865,43.233,"OR_007_6_1"
7.4254,12.72,75.665,9.997,9.2836,12.995,-91.763,30.061,"OR_007_6_1"
9.699,18.032,46.324,13.08,6.495,15.373,-64.995,37.787,"OR_007_6_1"
8.0133,15.212,51.11,12.198,11.407,15.394,13.757,28.483,"OR_007_6_1"
9.876,15.735,36.231,11.023,6.1411,9.9172,-71.347,33.922,"OR_007_6_1"
8.3704,5.932,30.361,8.7382,7.204,14.035,48.619,33.967,"OR_007_6_1"
9.7251,9.085,28.505,12.042,7.0263,8.7884,-72.616,41.598,"OR_007_6_1"
6.0024,9.38,46.721,9.4291,10.224,13.514,59.293,33.67,"OR_007_6_1"
7.314,12.723,43.85,9.8156,8.3287,11.452,-43.252,39.287,"OR_007_6_1"
7.4945,9.2164,62.075,6.5987,10.211,16.113,58.417,40.145,"OR_007_6_1"
9.8039,19.347,53.891,10.658,5.6734,10.628,-49.095,37.587,"OR_007_6_1"
6.7717,10.607,70.487,7.7153,7.8985,14.227,-46.845,33.612,"OR_007_6_1"
7.2925,6.4985,43.649,9.3593,5.3681,9.462,-83.965,40.61,"OR_007_6_1"
8.048,8.5817,70.78,7.4866,6.7941,15.144,-48.889,32.523,"OR_007_6_1"
7.7158,17.049,43.243,8.9309,6.0596,12.815,-42.734,38.041,"OR_007_6_1"
7.4431,15.771,70.096,9.2906,11.962,16.36,-47.426,29.423,"OR_007_6_1"
7.2254,13.428,59.991,9.4303,8.8453,9.7257,-76.34,33.678,"OR_007_6_1"
7.3511,11.079,65.964,10.478,8.619,14.89,-79.451,33.918,"OR_007_6_1"
8.6908,8.4812,51.096,11.172,6.0902,8.2699,-124.24,30.919,"OR_007_6_1"
7.9522,8.6216,64.028,10.626,9.4279,11.895,-88.793,32.84,"OR_007_6_1"
8.0412,9.4369,58.828,9.984,8.9879,10.872,-95.906,26.834,"OR_007_6_1"
6.9262,10.62,70.857,8.7437,10.022,14.096,-80.77,32.193,"OR_007_6_1"
7.3219,13.269,61.594,10.091,8.6764,9.4813,-78.656,27.454,"OR_007_6_1"
8.3772,20.292,67.759,11.568,7.8724,16.657,-51.715,26.782,"OR_007_6_1"
8.9339,10.327,51.244,9.2033,5.1124,11.63,-96.174,33.8,"OR_007_6_1"
7.6784,5.7356,54.803,11.112,8.6767,13.404,-79.149,29.461,"OR_007_6_1"
7.8817,10.822,49.117,10.514,7.7993,11.846,-112.15,31.757,"OR_007_6_1"
6.983,19.633,74.793,11.336,9.7555,14.57,-87.226,27.126,"OR_007_6_1"
7.7709,10.847,66.064,10.222,9.225,13.243,-71.636,29.813,"OR_007_6_1"
10.577,14.992,69.42,12.357,5.9372,18.817,-100.11,27.737,"OR_007_6_1"
8.7523,13.093,54.936,12.364,8.7541,15.615,-62.084,38.681,"OR_007_6_1"
9.6787,9.1398,59.958,16.352,5.1155,11.953,-132.86,29.259,"OR_007_6_1"
8.9463,7.5868,57.25,9.9941,9.1552,15.77,-72.48,33.251,"OR_007_6_1"
8.5038,10.093,69.667,9.5261,8.5748,10.582,-100.4,30.325,"OR_007_6_1"
6.7414,12.468,65.153,10.727,9.0725,14.935,-60.785,25.108,"OR_007_6_1"
8.9253,16.211,70.268,11.893,5.993,12.57,-122.6,25.878,"OR_007_6_1"
5.7788,20.201,61.825,8.7292,12.87,15.847,-44.442,31.841,"OR_007_6_1"
7.7554,7.2241,50.739,12.912,3.2943,11.76,-127.83,29.887,"OR_007_6_1"
8.2085,7.6053,60.527,9.4379,9.0405,13.15,-64.778,40.005,"OR_007_6_1"
8.253,11.902,53.308,12.713,5.0672,11.652,-128.2,27.711,"OR_007_6_1"
6.5816,16.605,67.116,9.0896,8.7601,15.361,-60.247,31.008,"OR_007_6_1"
7.1744,8.7823,69.698,11.342,4.5072,12.633,-107.5,25.513,"OR_007_6_1"
9.1299,17.096,61.216,11.24,12.366,14.848,-35.094,37.75,"OR_007_6_1"
8.9627,12.664,42.247,12.6,4.6793,13.475,-99.499,36.806,"OR_007_6_1"
8.498,8.4731,51.62,8.9232,9.2521,13.254,-51.094,45.719,"OR_007_6_1"
7.0662,5.8435,52.595,14.024,4.7284,11.28,-128.16,26.035,"OR_007_6_1"
8.08,15.294,67.578,11.632,6.1265,14.831,-89.732,39.197,"OR_007_6_1"
8.0387,16.134,72.7,11.151,7.4477,12.631,-101.35,22.605,"OR_007_6_1"
9.3467,18.341,73.128,9.553,10.937,14.079,-87.352,39.018,"OR_007_6_1"
7.4899,13.589,58.465,12.711,5.258,14.486,-113.74,25.194,"OR_007_6_1"
7.3979,6.9016,61.013,10.196,8.2714,10.993,-116.52,40.096,"OR_007_6_1"
7.8683,8.8385,53.881,12.29,6.0197,10.514,-127.74,21.93,"OR_007_6_1"
8.3525,11.968,70.363,9.7941,6.1291,15.518,-117.2,32.613,"OR_007_6_1"
8.4916,9.1239,64.374,8.6023,9.7989,11.822,-54.749,29.8,"OR_007_6_1"
7.9593,10.27,67.979,10.604,7.9891,17.239,-130.2,26.398,"OR_007_6_1"
7.2586,22.37,66.783,8.0589,9.6857,12.823,-55.002,25.171,"OR_007_6_1"
7.472,9.8832,71.549,11.74,6.0565,13.799,-148.46,28.573,"OR_007_6_1"
9.1105,5.9112,55.079,9.6741,10.024,11.91,-118.55,29.515,"OR_007_6_1"
8.8057,8.3653,61.059,9.5695,7.5513,12.872,-75.158,39.759,"OR_007_6_1"
8.9458,21.977,63.97,10.96,9.0474,13.808,-0.81966,41.319,"OR_007_6_1"
6.5903,14.161,53.493,7.7261,9.6175,11.723,-1.4091,40.909,"OR_007_6_1"
9.1965,13.146,52.324,8.4605,9.7615,15.878,-17.497,41.111,"OR_007_6_1"
8.3558,11.265,48.126,6.1734,9.4074,10.52,11.54,43.536,"OR_007_6_1"
8.4055,9.7153,56.656,9.1049,7.4248,14.749,-32.147,45.225,"OR_007_6_1"
6.8271,6.7587,37.542,8.2879,8.0055,9.3866,16.169,48.673,"OR_007_6_1"
6.978,9.0961,38.596,11.336,6.7358,13.564,-22.661,37.718,"OR_007_6_1"
7.0548,10.919,42.459,9.6208,4.5684,12.97,-4.5809,35.405,"OR_007_6_1"
8.8349,16.198,41.057,11.254,12.346,14.106,-27.992,27.289,"OR_007_6_1"
8.1312,19.057,46.735,10.909,5.3109,12.916,8.7841,37.951,"OR_007_6_1"
7.3196,9.68,29.874,10.428,9.762,14.439,-34.732,31.44,"OR_007_6_1"
7.1722,5.6882,50.236,10.376,4.2498,12.936,-18.024,32.715,"OR_007_6_1"
8.5609,12.363,38.222,12.232,10.507,12.357,-87.411,31.451,"OR_007_6_1"
7.333,16.136,58.529,12.302,7.664,14.34,-40.838,25.365,"OR_007_6_1"
10.887,13.156,43.387,13.654,9.9783,13.791,-83.296,32.002,"OR_007_6_1"
8.08,15.094,66.306,11.873,9.3338,16.055,-2.4425,25.01,"OR_007_6_1"
7.3171,9.7245,27.804,11.687,8.9214,10.69,-91.415,30.891,"OR_007_6_1"
7.408,6.918,51.637,10.527,8.4905,14.929,-10.627,23.057,"OR_007_6_1"
7.6626,6.1774,37.349,10.84,6.1141,9.0885,-130.85,42.525,"OR_007_6_1"
7.1171,11.001,83.69,9.2201,10.849,11.845,-72.015,31.414,"OR_007_6_1"
5.8484,2.546,8.8803,0.96142,1.8849,2.1791,20.691,6.9328,"OR_014_6_1"
4.7194,2.4858,7.4523,0.90259,1.829,3.0192,19.439,4.5113,"OR_014_6_1"
4.6284,2.1615,7.8401,0.76857,1.8709,1.7761,21.302,6.1763,"OR_014_6_1"
5.0892,2.7806,8.3476,0.95475,2.024,3.2599,19.46,6.938,"OR_014_6_1"
5.2007,2.3136,7.9633,0.93995,1.0696,1.5901,22.085,5.0184,"OR_014_6_1"
5.2653,2.7185,7.7229,0.88126,1.2649,2.6595,19.011,5.8144,"OR_014_6_1"
5.2267,1.9967,8.3611,0.92367,1.5724,2.1633,18.746,6.2629,"OR_014_6_1"
4.6832,2.5529,6.8108,1.0298,1.1016,1.4544,18.398,5.3328,"OR_014_6_1"
4.3788,2.1879,7.9492,0.9746,1.7887,2.5652,19.586,6.0447,"OR_014_6_1"
5.1987,2.6173,6.3799,0.87198,1.0439,2.0901,17.753,5.5123,"OR_014_6_1"
4.7023,2.1265,8.9557,0.82929,1.5216,2.8207,23.068,5.7285,"OR_014_6_1"
4.5409,2.4042,7.2646,0.97291,1.3206,2.5766,18.051,7.617,"OR_014_6_1"
6.4393,2.2703,8.8346,0.9368,1.3362,1.8427,23.874,6.1694,"OR_014_6_1"
4.0537,2.4527,7.8229,0.85875,1.749,2.1738,19.864,5.671,"OR_014_6_1"
5.2785,2.3127,8.9873,0.78609,0.93718,2.1508,23.262,5.5382,"OR_014_6_1"
4.5264,2.4279,7.909,0.73197,1.6041,2.6624,18.038,4.6279,"OR_014_6_1"
5.3628,1.9916,9.38,0.94275,0.8711,2.8116,24.394,7.3754,"OR_014_6_1"
5.1756,2.846,6.9945,0.93757,1.7716,1.6535,18.867,5.6511,"OR_014_6_1"
5.6662,2.4446,9.8099,1.2738,1.1419,2.1584,24.373,8.17,"OR_014_6_1"
5.2794,2.411,8.1341,0.77626,0.85458,2.0409,19.096,5.1235,"OR_014_6_1"
5.3625,2.4121,8.3544,1.0866,1.3896,2.562,23.185,5.9967,"OR_014_6_1"
5.043,2.3744,6.9458,0.98067,1.4364,2.1742,18.676,5.9464,"OR_014_6_1"
5.6741,2.1892,8.7119,0.79047,2.0372,2.747,22.512,5.2519,"OR_014_6_1"
6.3905,2.3307,6.274,0.83405,1.4894,2.3555,19.607,5.0597,"OR_014_6_1"
4.5979,2.4251,9.4589,1.0152,1.0621,2.0561,21.79,5.0481,"OR_014_6_1"
5.3204,2.2441,7.3269,1.0327,1.6986,2.436,18.352,5.9074,"OR_014_6_1"
5.3052,2.6452,9.2145,0.84561,1.2346,1.9492,24.513,7.8618,"OR_014_6_1"
5.0463,2.8631,7.5456,1.0244,1.3917,2.2496,21.771,5.1404,"OR_014_6_1"
5.8157,2.7329,9.0965,0.91475,1.6228,2.1674,21.323,6.1299,"OR_014_6_1"
5.9253,2.4913,9.0242,0.91664,1.7682,2.0116,20.362,6.8382,"OR_014_6_1"
5.2572,2.3119,7.8161,0.91534,1.3098,2.7322,20.044,7.2721,"OR_014_6_1"
4.8493,2.7595,8.5345,1.0176,0.98299,1.9114,22.039,5.4958,"OR_014_6_1"
5.229,2.4327,7.5403,0.99832,1.6471,2.7666,21.377,6.3479,"OR_014_6_1"
4.9906,2.5495,8.9388,0.84656,1.4941,2.3767,19.203,5.4791,"OR_014_6_1"
4.832,2.1046,8.7504,0.75914,1.5348,2.6538,20.735,6.8311,"OR_014_6_1"
5.7344,2.7705,8.1296,0.94097,1.7313,2.4952,19.666,5.7474,"OR_014_6_1"
4.678,1.9402,10.281,0.83213,1.4431,1.9961,22.864,4.7558,"OR_014_6_1"
5.3807,2.5631,8.4062,0.87055,1.6651,2.6402,21.895,6.3863,"OR_014_6_1"
4.4842,2.3931,9.7375,1.1285,1.5116,1.9734,21.61,7.0096,"OR_014_6_1"
6.1128,2.5848,8.3237,0.96895,0.68615,2.2549,22.474,4.5124,"OR_014_6_1"
5.3369,2.5005,7.9522,1.0376,1.776,3.2797,22.05,6.1066,"OR_014_6_1"
5.1059,2.6371,9.4718,0.7769,1.755,1.8125,20.069,6.5266,"OR_014_6_1"
5.8416,2.4898,7.3354,0.76091,1.3531,2.3008,20.499,6.205,"OR_014_6_1"
4.9741,2.5204,9.0035,1.1073,1.5025,2.1238,23.243,5.4016,"OR_014_6_1"
5.0745,2.8581,7.1544,1.026,1.2141,2.8292,18.168,6.2911,"OR_014_6_1"
6.1133,2.6844,8.413,1.0131,1.6182,2.1264,20.336,5.347,"OR_014_6_1"
5.5102,2.8634,8.0357,0.72743,1.558,1.9681,17.509,5.4902,"OR_014_6_1"
4.5733,2.3432,7.4982,0.9434,1.236,2.5411,20.631,6.3052,"OR_014_6_1"
5.6843,2.6372,6.5621,0.91656,1.9637,2.2836,18.053,5.1113,"OR_014_6_1"
5.4871,1.7481,7.5744,0.80666,0.9731,2.5107,20.033,5.5897,"OR_014_6_1"
4.3941,2.617,7.07,1.1896,1.3857,2.1859,19.897,5.1906,"OR_014_6_1"
5.5418,2.4154,7.473,1.0717,1.3475,2.2265,19.665,5.7775,"OR_014_6_1"
4.9451,2.8805,8.4164,0.80844,1.1191,2.1697,19.187,5.8254,"OR_014_6_1"
4.9714,2.0228,7.492,1.0275,1.5856,2.1478,20.877,4.1376,"OR_014_6_1"
5.0619,2.7011,7.969,1.0785,1.8085,2.3147,18.538,5.3875,"OR_014_6_1"
5.6097,2.5617,6.9659,0.91499,1.2333,2.2059,20.202,6.7893,"OR_014_6_1"
4.5892,2.2146,9.4887,1.1556,1.5595,1.9784,26.525,6.553,"OR_014_6_1"
4.2781,3.083,7.7137,0.86786,1.2657,2.7541,21.148,5.7265,"OR_014_6_1"
4.6833,2.4312,7.3284,1.0055,1.1896,2.7053,22.403,6.8558,"OR_014_6_1"
4.6455,2.3277,9.46,0.66767,1.9416,2.0313,23.355,6.4672,"OR_014_6_1"
4.7541,2.3857,8.9567,1.0214,1.5466,1.9458,24.95,6.1102,"OR_014_6_1"
5.274,2.7211,8.4146,1.1184,1.0804,2.5256,21.966,6.4594,"OR_014_6_1"
5.594,2.266,9.2879,0.93078,1.3523,1.8622,25.433,6.9091,"OR_014_6_1"
4.2405,2.6506,7.5441,0.99241,1.4816,2.6432,21.68,6.6075,"OR_014_6_1"
5.1928,2.303,7.1071,0.99266,1.7244,2.2573,22.677,5.7832,"OR_014_6_1"
4.8704,2.5457,9.9002,1.012,2.1268,2.318,20.572,6.5788,"OR_014_6_1"
4.586,2.4996,7.4107,0.9619,1.5736,2.053,23.487,6.596,"OR_014_6_1"
4.9672,2.2346,9.2476,1.0619,1.6396,2.1931,21.875,6.2664,"OR_014_6_1"
6.1085,2.4302,7.0777,0.76318,1.4197,2.4864,19.658,6.7927,"OR_014_6_1"
4.5998,2.4058,7.4209,0.94736,1.505,2.3566,22.105,4.6638,"OR_014_6_1"
4.8955,2.5327,6.8067,1.0644,1.3371,2.6375,19.59,5.1589,"OR_014_6_1"
5.5483,2.174,8.2012,0.99354,1.2111,2.2017,21.622,5.2478,"OR_014_6_1"
5.4985,2.6353,7.5154,0.89317,1.7433,1.9219,17.806,6.5749,"OR_014_6_1"
4.5279,2.0296,8.9768,0.8988,0.92622,2.1839,24.829,6.2054,"OR_014_6_1"
5.8556,2.7611,7.2062,0.98538,1.534,2.2345,16.753,5.2001,"OR_014_6_1"
5.1126,2.6004,8.5053,0.79986,1.5777,2.4268,22.8,5.3931,"OR_014_6_1"
4.6401,2.1428,7.9865,0.88395,1.1745,2.3552,17.334,6.5348,"OR_014_6_1"
5.0806,2.3699,8.5885,1.1218,1.352,2.7502,22.342,6.4709,"OR_014_6_1"
5.1957,2.5595,6.6371,1.0366,1.2729,2.5435,19.323,5.842,"OR_014_6_1"
5.8191,2.106,8.4123,0.92876,1.855,2.4764,21.856,6.5233,"OR_014_6_1"
5.3854,2.3774,8.405,1.1635,1.2212,1.6795,19.998,8.5371,"OR_014_6_1"
4.9941,2.7079,8.9011,0.99429,1.2095,1.7948,22.816,4.6496,"OR_014_6_1"
4.3644,2.3894,7.4465,0.73689,1.1561,2.0714,20.346,6.3665,"OR_014_6_1"
4.895,3.012,7.9773,0.84063,1.3762,2.0909,20.945,6.0403,"OR_014_6_1"
4.8762,2.2237,7.4296,0.89794,1.896,2.6826,21.307,6.716,"OR_014_6_1"
5.5352,2.2137,8.0524,1.0301,1.6495,1.6584,20.235,5.0012,"OR_014_6_1"
4.4809,2.3855,8.0445,1.0001,1.4675,2.644,21.338,7.2823,"OR_014_6_1"
5.0609,3.0041,7.8436,0.72264,0.85841,2.3654,19.201,5.5702,"OR_014_6_1"
4.4841,2.4487,8.8063,1.1929,1.154,2.1632,23.835,6.6059,"OR_014_6_1"
4.7983,2.2657,8.4585,1.0598,1.8371,2.2113,19.508,6.4729,"OR_014_6_1"
5.1366,2.6442,7.5335,0.86066,2.3938,1.9583,18.618,6.1971,"OR_014_6_1"
5.1386,2.8754,7.9499,0.88812,1.7882,2.4765,20.229,5.1007,"OR_014_6_1"
4.9345,2.0706,8.9389,0.92661,1.1529,2.0735,19.482,4.9417,"OR_014_6_1"
5.0036,2.5993,7.6358,1.06,2.0428,2.1632,19.348,8.2662,"OR_014_6_1"
5.0305,2.8461,7.9725,0.88318,1.4718,2.5663,17.864,6.8527,"OR_014_6_1"
5.4426,2.249,7.879,0.9373,0.8956,2.4861,19.573,6.4556,"OR_014_6_1"
5.047,2.479,7.0567,1.0902,1.8771,2.5649,21.152,5.8865,"OR_014_6_1"
4.7873,2.5077,8.3523,1.1425,1.6804,1.2854,22.038,7.5435,"OR_014_6_1"
5.7603,2.7856,8.1341,0.7944,0.93698,3.4593,18.075,6.0052,"OR_014_6_1"
5.2395,2.191,8.601,1.04,1.0858,1.8442,21.943,6.9327,"OR_014_6_1"
4.794,2.8392,7.7023,0.84173,2.2478,1.9754,18.708,6.2767,"OR_014_6_1"
5.2685,2.3885,8.2108,0.85246,1.7503,2.7292,21.101,6.0556,"OR_014_6_1"
5.3317,2.8263,8.6321,1.0951,0.93462,1.8908,21.584,6.271,"OR_014_6_1"
4.3257,2.2992,8.099,0.92897,2.5569,2.5909,24.208,5.1036,"OR_014_6_1"
6.2903,2.8083,8.7741,1.0041,1.1707,1.6467,21.845,5.2104,"OR_014_6_1"
4.75,2.0199,7.4656,0.8833,1.0559,2.8888,20.328,7.1549,"OR_014_6_1"
4.9339,2.7272,8.0187,1.0979,1.3746,2.0229,21.347,5.9289,"OR_014_6_1"
5.1304,2.5213,7.3146,0.73606,1.6073,2.098,19.968,6.5809,"OR_014_6_1"
5.0122,2.4949,7.1473,0.86871,1.1474,3.4131,21.509,5.5416,"OR_014_6_1"
4.8436,2.1724,7.4748,1.0118,1.1631,2.0901,21.278,8.0996,"OR_014_6_1"
6.1133,2.4852,8.1398,0.91435,2.2545,2.4566,22.676,6.2824,"OR_014_6_1"
5.3962,2.311,7.6793,0.81715,1.577,1.5424,16.632,7.3574,"OR_014_6_1"
5.2245,2.6528,8.8218,1.0325,1.4821,2.858,22.769,6.2656,"OR_014_6_1"
5.2578,2.5567,6.6038,0.99574,1.2328,2.237,17.361,4.9684,"OR_014_6_1"
4.7248,2.2563,8.8924,0.94326,1.6164,2.495,23.822,5.9187,"OR_014_6_1"
43.942,21.576,19.169,11.656,0.84564,3.9204,-71.492,15.203,"OR_021_6_1"
50.927,25.392,-6.4005,13.386,0.9013,3.3743,-18.412,25.329,"OR_021_6_1"
45.035,19.155,-16.358,13.136,0.73108,2.2432,-20.293,18.852,"OR_021_6_1"
44.566,24.824,-36.33,16.647,0.9504,3.1363,3.2148,25.683,"OR_021_6_1"
43.154,17.265,-13.168,12.513,0.66394,2.8782,10.763,15.257,"OR_021_6_1"
51.576,27.849,-3.8559,16.45,0.47856,2.9263,-39.69,22.783,"OR_021_6_1"
42.679,22.041,-75.911,13.726,0.5762,2.3578,-35.744,17.926,"OR_021_6_1"
51.01,26.393,-6.7403,17.207,0.66424,2.9878,-226.62,28.443,"OR_021_6_1"
45.519,22.175,-147.28,10.736,0.61827,1.2621,6.5183,17.528,"OR_021_6_1"
54.607,27.418,-56.141,14.213,1.0047,3.6495,-97.84,19.983,"OR_021_6_1"
43.791,23.449,12.016,11.055,0.53538,1.9262,-193.93,16.983,"OR_021_6_1"
55.623,27.939,-31.71,16.142,1.1878,4.4912,-382.57,25.909,"OR_021_6_1"
44.073,22.249,4.2145,16.309,0.41347,2.8474,5.8581,18.829,"OR_021_6_1"
53.126,21.621,-146.29,18.534,0.88099,4.9821,-118.98,21.901,"OR_021_6_1"
44.006,18.837,-48.475,17.226,1.1575,3.9435,-138.18,28.714,"OR_021_6_1"
49.543,21.612,-6.6622,14.55,1.3187,3.9583,-26.993,19.426,"OR_021_6_1"
41.074,24.227,-341.27,17.663,0.75463,3.3262,-62.93,30.13,"OR_021_6_1"
50.841,24.714,6.023,11.532,0.84951,2.2272,-79.948,24.696,"OR_021_6_1"
44.37,25.064,-16.299,12.623,0.65337,4.8911,-64.755,22.202,"OR_021_6_1"
47.94,20.685,43.511,8.4671,0.53586,3.0512,-75.5,21.061,"OR_021_6_1"
45.986,23.677,-65.933,14.774,0.78815,3.2901,-90.806,25.596,"OR_021_6_1"
48.895,23.126,-12.057,10.587,0.27708,2.3799,-6.591,18.524,"OR_021_6_1"
46.536,23.737,7.2276,16.47,1.2346,3.3116,-144.95,21.039,"OR_021_6_1"
44.23,22.828,-38.575,13.487,0.69313,1.7017,25.387,15.524,"OR_021_6_1"
46.252,24.548,19.624,15.902,1.0579,2.4881,-338.44,27.763,"OR_021_6_1"
46.647,22.51,9.1213,13.931,0.56937,1.7649,-84.208,19.776,"OR_021_6_1"
47.849,25.328,-117.01,16.077,0.80484,3.8961,-81.266,21.574,"OR_021_6_1"
45.172,21.651,11.929,12.509,1.005,2.56,-97.763,20.157,"OR_021_6_1"
48.945,26.32,-82.194,17.819,0.56999,3.3897,-94.256,24.755,"OR_021_6_1"
47.629,22.407,-85.299,12.596,0.75845,2.2436,3.4974,20.486,"OR_021_6_1"
47.411,24.257,4.522,19.194,0.30356,3.4982,-169.55,23.146,"OR_021_6_1"
46.35,20.587,-7.2325,14.869,0.82615,3.4727,-43.472,22.197,"OR_021_6_1"
50.55,24.044,0.15429,17.65,0.37427,3.1366,-138.81,29.414,"OR_021_6_1"
49.397,21.833,24.397,12.367,1.7595,4.0662,-179.18,25.228,"OR_021_6_1"
47.023,26.444,11.214,12.334,0.60124,3.0118,-109.97,20.336,"OR_021_6_1"
47.303,22.892,-81.668,17.707,0.97304,3.8015,-209.75,24.166,"OR_021_6_1"
47.908,23.051,-37.871,15.103,0.72081,3.3666,-44.033,21.672,"OR_021_6_1"
50.525,24.635,32.435,15.398,1.6151,4.2685,-490.4,25.469,"OR_021_6_1"
42.47,18.393,1.908,14.66,0.5428,4.2392,-67.596,23.514,"OR_021_6_1"
46.776,24.692,-133.74,19.547,0.61668,4.5142,-222.97,21.819,"OR_021_6_1"
47.041,20.884,-10.067,12.296,0.66394,2.55,-32.321,20.741,"OR_021_6_1"
43.688,23.616,24.626,16.846,1.2956,4.6517,-833.23,31.398,"OR_021_6_1"
44.536,21.485,-18.309,8.5653,0.57107,3.2122,31.882,19.607,"OR_021_6_1"
50.907,25.749,-133.33,20.805,1.1878,4.8767,-358.21,26.406,"OR_021_6_1"
45.089,22.063,7.6475,11.482,0.5248,3.5549,-25.992,18.773,"OR_021_6_1"
48.711,26.857,25.848,14.931,1.1335,3.9055,-701.53,29.869,"OR_021_6_1"
43.203,19.002,18.152,11.923,0.60625,2.7368,-34.64,22.606,"OR_021_6_1"
49.081,26.667,-7.3184,15.118,0.55179,3.167,-72.439,17.449,"OR_021_6_1"
43.136,20.327,4.9344,15.146,0.47103,1.9901,-53.409,21.444,"OR_021_6_1"
48.736,24.995,5.8565,19.384,1.4554,3.5771,-263.55,26.476,"OR_021_6_1"
42.089,20.717,-31.083,10.463,0.66786,1.4773,-3.3366,20.591,"OR_021_6_1"
49.217,26.318,1.8742,17.262,1.0156,2.9853,-444.64,26.387,"OR_021_6_1"
44.274,19.202,41.875,11.822,0.64795,1.7986,-299.85,27.422,"OR_021_6_1"
52.041,26.656,-2.8586,16.409,1.6182,5.453,-530.87,26.507,"OR_021_6_1"
39.264,21.505,-40.977,12.82,0.30513,1.9959,23.811,19.795,"OR_021_6_1"
54.727,29.362,-156.65,15.192,1.1361,5.0032,-322.28,19.029,"OR_021_6_1"
40.107,20.577,16.411,9.0171,1.2088,2.7745,30.015,17.574,"OR_021_6_1"
54.826,26.306,-3.3674,17.037,1.1541,4.7962,-447.14,22.97,"OR_021_6_1"
40.344,19.199,-11.143,14.939,0.65627,1.9976,10.469,15.625,"OR_021_6_1"
58.923,25.487,-365.67,18.789,1.3534,4.6106,-369.58,27.225,"OR_021_6_1"
38.297,19.523,36.967,12.618,1.0501,2.7306,-71.156,16.466,"OR_021_6_1"
53.39,27.565,-52.82,14.207,1.394,4.0049,-411.17,27.767,"OR_021_6_1"
38.951,21.164,26.319,12.276,0.68444,2.0508,15.776,17.953,"OR_021_6_1"
53.493,27.177,-34.476,15.394,1.3772,3.4052,-85.485,30.453,"OR_021_6_1"
41.202,20.62,45.568,8.5286,0.58418,3.4059,-12.592,20.203,"OR_021_6_1"
53.281,27.855,-41.811,15.182,1.1926,3.0414,-49.215,26.02,"OR_021_6_1"
42.638,22.19,10.045,11.213,0.80268,2.3346,-266.21,16.533,"OR_021_6_1"
51.198,25.621,35.355,17.258,0.76594,3.5465,-360.91,23.623,"OR_021_6_1"
42.132,20.928,-13.857,13.149,0.69813,2.6554,39.771,17.134,"OR_021_6_1"
48.033,23.354,-33.635,18.623,0.88245,4.4693,-151.36,26.97,"OR_021_6_1"
44.599,21.132,-16.798,13.889,0.75441,1.3153,-130.59,21.422,"OR_021_6_1"
48.285,25.811,-41.738,13.23,0.54202,2.8629,-11.318,27.334,"OR_021_6_1"
43.366,25.136,21.021,11.82,0.7061,4.385,-44.674,20.155,"OR_021_6_1"
47.213,27.155,1.3861,14.923,0.86538,2.6097,-248.8,29.111,"OR_021_6_1"
47.074,24.992,-20.96,13.124,0.86248,3.3264,-6.7529,16.177,"OR_021_6_1"
45.834,22.549,34.009,12.701,0.66283,2.3706,-40.044,21.59,"OR_021_6_1"
44.516,23.66,5.7531,16.49,1.2413,5.3837,-197.09,28.358,"OR_021_6_1"
46.974,21.728,-67.025,15.735,0.59152,2.5277,-9.2241,19.922,"OR_021_6_1"
49.091,23.219,14.414,13.458,0.99914,3.5327,-134.01,26.835,"OR_021_6_1"
44.255,23.012,-15.055,12.317,0.45899,2.6174,-11.931,18.126,"OR_021_6_1"
43.429,24.218,-11.341,13.057,1.5678,3.614,-122.12,29.081,"OR_021_6_1"
49.072,24,35.653,10.213,0.44564,2.8169,-120.56,18.805,"OR_021_6_1"
47.395,25.122,-152.99,15.213,1.1574,4.0402,-249.05,31.412,"OR_021_6_1"
45.313,20.774,-56.133,14.256,0.6236,3.9331,-174.11,22.565,"OR_021_6_1"
48.062,23.516,-41.688,16.12,0.89043,3.6423,-298.99,35.057,"OR_021_6_1"
45.125,18.655,36.561,13.673,0.66597,2.7602,-108.26,19.287,"OR_021_6_1"
49.918,24.308,-156.55,22.423,1.9692,4.513,-500.68,36.652,"OR_021_6_1"
42.875,19.154,-15.109,13.017,0.53922,2.3638,-22.323,18.346,"OR_021_6_1"
50.908,26.603,32.332,16.24,1.3491,4.2798,-803.59,30.552,"OR_021_6_1"
43.335,19.903,20.714,9.8804,0.82962,2.8123,1.9471,21.75,"OR_021_6_1"
52.949,26.663,-146.88,18.085,0.90866,5.7082,-428.14,30.757,"OR_021_6_1"
38.835,21.375,29.337,11.288,0.58102,2.8799,-87.448,16.579,"OR_021_6_1"
53.196,26.871,-4.718,14.41,1.3263,5.8711,-572.64,28.901,"OR_021_6_1"
44.125,21.929,-20.512,13.793,0.78038,4.7668,-62.526,22.211,"OR_021_6_1"
48.975,25.329,-309.96,16.352,1.4025,4.4144,-589.13,17.972,"OR_021_6_1"
38.994,20.647,22.356,12.886,1.1528,2.7125,-104.81,27.318,"OR_021_6_1"
48.85,22.32,-92.278,14.226,2.0547,4.9523,-694.45,16.162,"OR_021_6_1"
42.642,24.968,-123.05,14.917,1.7163,5.3602,-257.81,19.495,"OR_021_6_1"
46.496,21.681,-93.741,14.701,1.0437,4.3694,-322.67,19.734,"OR_021_6_1"
43.969,23.194,-77.114,15.875,1.1879,4.7477,-411.84,31.006,"OR_021_6_1"
46.17,22.937,-78.305,13.231,0.57195,3.8891,-77.689,24.218,"OR_021_6_1"
46.458,24.285,-124.62,16.446,0.68609,3.3366,-51.066,23.185,"OR_021_6_1"
44.449,20.722,-99.979,12.413,1.1796,1.9468,-300.1,21.663,"OR_021_6_1"
46.063,24.77,7.8715,16.157,0.86293,4.0429,-296.23,30.948,"OR_021_6_1"
45.12,24.492,35.521,12.164,0.91537,4.1527,-208.26,26.084,"OR_021_6_1"
46.267,23.051,13.077,14.65,1.2553,4.9106,-48.951,30.04,"OR_021_6_1"
45.683,21.252,-41.78,15.272,0.50241,2.7508,-268.07,17.734,"OR_021_6_1"
45.019,25.931,-9.5088,14.224,0.95975,2.5944,-69.219,27.652,"OR_021_6_1"
46.869,18.853,-26.304,13.383,1.011,2.7378,-17.799,20.084,"OR_021_6_1"
47.132,24.422,3.8691,17.459,0.41405,4.0017,-385.28,32.094,"OR_021_6_1"
46.863,23.212,11.603,12.046,0.68791,2.9277,-50.499,20.283,"OR_021_6_1"
47.791,26.527,-79.5,14.611,1.2978,2.5624,-10.478,30.393,"OR_021_6_1"
46.666,25.439,-0.26463,10.937,0.53545,3.054,26.355,19.373,"OR_021_6_1"
48.029,26.219,26.314,12.818,0.61526,3.0391,-180.79,30.201,"OR_021_6_1"
46.78,24.551,-78.999,14.239,0.87479,2.633,-24.094,21.716,"OR_021_6_1"
11.132,9.3948,0.67622,4.0575,0.0029162,0.048563,0.089026,0.17498,"Normal_1"
12.764,9.5818,0.68605,3.9834,0.002219,0.03948,0.071206,0.18038,"Normal_1"
10.062,8.9587,0.63192,3.9561,0.0018483,0.048386,0.074964,0.16577,"Normal_1"
11.469,9.2887,0.59648,3.6213,0.0017737,0.04652,0.072037,0.15962,"Normal_1"
10.42,9.5579,0.67177,4.21,0.0031472,0.047438,0.061522,0.18535,"Normal_1"
10.928,9.0393,0.56527,3.8232,0.0026946,0.053137,0.075192,0.15217,"Normal_1"
12.057,7.3958,0.5752,4.0851,0.002095,0.039718,0.080382,0.18061,"Normal_1"
12.282,9.0042,0.55118,3.7801,0.0020903,0.039725,0.067512,0.15616,"Normal_1"
10.207,9.3931,0.60679,4.0176,0.0024387,0.04593,0.076248,0.17631,"Normal_1"
11.67,9.25,0.56875,3.9668,0.0029323,0.033986,0.068614,0.16525,"Normal_1"
8.8426,9.1629,0.60179,3.9206,0.0028495,0.03214,0.072815,0.17069,"Normal_1"
15.291,10.123,0.59372,3.7465,0.0028174,0.054894,0.059596,0.1677,"Normal_1"
9.3278,7.4866,0.55477,3.9709,0.0020655,0.035771,0.06977,0.16528,"Normal_1"
13.819,7.6219,0.49769,3.8223,0.0039788,0.038652,0.088821,0.15028,"Normal_1"
16.101,7.7902,0.52123,3.9004,0.0022101,0.047765,0.064927,0.17057,"Normal_1"
10.452,9.7537,0.53966,4.0518,0.0026467,0.044755,0.066743,0.17362,"Normal_1"
14.722,7.5097,0.53629,3.7522,0.0017513,0.038234,0.070989,0.16163,"Normal_1"
11.047,9.3181,0.60076,3.9335,0.0025055,0.040693,0.06957,0.16121,"Normal_1"
10.904,8.9922,0.53136,3.8896,0.0024791,0.042796,0.078912,0.16026,"Normal_1"
14.212,10.409,0.6513,4.1636,0.0025864,0.055511,0.073133,0.17415,"Normal_1"
12.191,7.5543,0.56278,4.0256,0.0023193,0.04154,0.054927,0.16989,"Normal_1"
12.306,7.931,0.53415,3.751,0.002501,0.048374,0.088451,0.16459,"Normal_1"
13.121,7.9976,0.51743,3.8079,0.003518,0.063111,0.07395,0.1599,"Normal_1"
10.126,11.231,0.59372,4.0781,0.0021159,0.036097,0.065419,0.16495,"Normal_1"
9.7895,9.3648,0.59847,3.8474,0.0035428,0.056563,0.066634,0.17065,"Normal_1"
11.766,10.39,0.65194,4.0698,0.0022994,0.035889,0.057416,0.18412,"Normal_1"
12.948,9.3767,0.60359,4.0431,0.0022914,0.036741,0.066691,0.16408,"Normal_1"
13.709,9.1238,0.6212,3.9115,0.0029686,0.063033,0.08222,0.1639,"Normal_1"
13.623,8.5155,0.57913,3.8905,0.0027518,0.047785,0.068425,0.16042,"Normal_1"
9.5077,10.845,0.60845,3.9631,0.0028743,0.047743,0.081135,0.16309,"Normal_1"
11.868,9.3825,0.52613,3.816,0.0018762,0.056363,0.088619,0.15589,"Normal_1"
9.7,9.7867,0.62541,4.2274,0.0022437,0.036343,0.064957,0.17688,"Normal_1"
8.9211,9.1315,0.54895,3.9077,0.0023967,0.048367,0.068589,0.1652,"Normal_1"
12.641,8.5116,0.65638,4.187,0.0027203,0.032396,0.073246,0.18109,"Normal_1"
9.5282,8.0133,0.58149,3.6783,0.0018449,0.029746,0.06692,0.16005,"Normal_1"
11.814,9.6604,0.62154,4.0111,0.003465,0.044603,0.078185,0.16153,"Normal_1"
14.629,9.5456,0.52007,3.9891,0.0017145,0.039924,0.060622,0.16462,"Normal_1"
12.202,9.8817,0.61652,4.3815,0.0022186,0.062385,0.068104,0.1821,"Normal_1"
13.46,9.9001,0.52495,4.1844,0.0022379,0.046434,0.070154,0.16997,"Normal_1"
9.3232,8.256,0.56752,4.1008,0.0018163,0.043303,0.071198,0.16408,"Normal_1"
11.911,7.9042,0.50332,3.6953,0.0020259,0.044917,0.078381,0.15648,"Normal_1"
14.031,7.1048,0.55598,4.0331,0.0027353,0.04375,0.068207,0.17791,"Normal_1"
10.494,9.5811,0.57092,3.939,0.0024874,0.061063,0.073717,0.15769,"Normal_1"
14.531,9.4872,0.56766,4.1861,0.0019021,0.049742,0.086678,0.16811,"Normal_1"
13.312,10.257,0.5583,4.1144,0.0026808,0.031627,0.07556,0.16683,"Normal_1"
11.694,9.2149,0.5584,4.0055,0.0045008,0.059714,0.071748,0.16236,"Normal_1"
13.467,9.9617,0.50388,3.5014,0.003985,0.06636,0.072492,0.15592,"Normal_1"
10.017,6.9342,0.60291,3.9962,0.0022481,0.046187,0.063192,0.16837,"Normal_1"
14.938,8.135,0.64672,3.8919,0.0021354,0.039122,0.080282,0.1586,"Normal_1"
13.073,8.3557,0.65408,4.1062,0.0015281,0.041083,0.085321,0.18667,"Normal_1"
11.525,8.5973,0.61552,3.7534,0.0023557,0.050892,0.063959,0.15872,"Normal_1"
13.044,6.9789,0.62818,3.7992,0.0027326,0.039615,0.077456,0.16519,"Normal_1"
12.02,9.0777,0.61826,4.1114,0.0017665,0.019006,0.066768,0.18001,"Normal_1"
10.63,7.0974,0.63891,3.9714,0.0036417,0.050939,0.053162,0.15624,"Normal_1"
11.879,10.16,0.6315,4.1307,0.0023622,0.045004,0.055564,0.17598,"Normal_1"
10.672,7.8972,0.58789,3.9794,0.0020383,0.029839,0.066515,0.17706,"Normal_1"
11.44,9.9905,0.66891,3.9598,0.0035925,0.034738,0.072122,0.16609,"Normal_1"
12.867,8.3914,0.65348,3.8867,0.0025518,0.045692,0.090088,0.16526,"Normal_1"
12.375,8.4019,0.60854,3.8823,0.0024727,0.035148,0.060987,0.1659,"Normal_1"
10.871,6.8791,0.57654,3.6048,0.0029637,0.048491,0.070066,0.15464,"Normal_1"
11.533,9.0449,0.60465,4.3882,0.0028245,0.040854,0.071336,0.18724,"Normal_1"
9.1824,7.5704,0.60693,3.8295,0.0022204,0.043536,0.065672,0.15926,"Normal_1"
12.645,10.361,0.59119,4.0345,0.0031858,0.046555,0.078711,0.16465,"Normal_1"
12.09,8.8272,0.64024,3.8788,0.0023069,0.040632,0.057794,0.16851,"Normal_1"
11.456,9.6816,0.56785,3.8663,0.0025428,0.034162,0.064517,0.15788,"Normal_1"
14.849,8.2136,0.59604,3.9877,0.0028114,0.048881,0.073828,0.15947,"Normal_1"
10.903,9.5702,0.54725,4.2075,0.0038172,0.041469,0.061156,0.17271,"Normal_1"
14.172,8.9777,0.59419,3.9768,0.0037697,0.047601,0.075394,0.15841,"Normal_1"
12.484,9.4465,0.54396,4.0439,0.0019075,0.051733,0.082715,0.17781,"Normal_1"
10.769,9.047,0.59859,3.9307,0.0028747,0.035022,0.068562,0.1657,"Normal_1"
11.382,10.077,0.62731,3.944,0.0029964,0.06129,0.08005,0.17441,"Normal_1"
12.931,9.031,0.57788,3.884,0.0021878,0.034708,0.060418,0.16454,"Normal_1"
14.48,9.7418,0.58539,4.0262,0.0028246,0.039157,0.072237,0.16953,"Normal_1"
14.131,8.0557,0.48782,3.7092,0.0026233,0.046825,0.082487,0.15971,"Normal_1"
11.325,9.1613,0.53773,4.1243,0.0019971,0.044944,0.075521,0.16993,"Normal_1"
9.7908,10.577,0.58338,3.9669,0.0029354,0.065411,0.078135,0.16694,"Normal_1"
9.5426,9.0277,0.62419,4.1208,0.0032316,0.046464,0.065273,0.1722,"Normal_1"
11.413,11.01,0.62008,4.0736,0.0017637,0.039438,0.05681,0.16737,"Normal_1"
13.413,7.5236,0.65512,4.0553,0.0028167,0.053843,0.075341,0.17747,"Normal_1"
14.308,8.4595,0.6505,3.9352,0.0015427,0.033313,0.063776,0.17305,"Normal_1"
13.496,8.2175,0.63828,3.9939,0.0024403,0.055832,0.072271,0.16848,"Normal_1"
11.899,9.6864,0.5331,3.7576,0.0026142,0.047941,0.076613,0.15782,"Normal_1"
10.597,9.1368,0.55394,4.0715,0.0021345,0.048466,0.063509,0.16059,"Normal_1"
12.346,10.045,0.61123,4.0526,0.0047356,0.044876,0.060414,0.18105,"Normal_1"
9.6532,7.3774,0.68776,4.1272,0.0035147,0.050929,0.075781,0.17592,"Normal_1"
11.396,9.2509,0.65044,3.8773,0.0026514,0.049924,0.055526,0.16514,"Normal_1"
11.878,7.0898,0.62274,3.8926,0.0029272,0.075576,0.066269,0.18218,"Normal_1"
10.857,9.0018,0.61537,4.0893,0.0022413,0.044787,0.070917,0.16692,"Normal_1"
12.355,8.3171,0.60367,3.8282,0.0024445,0.063404,0.065802,0.16182,"Normal_1"
11.209,10.007,0.52177,4.12,0.0039996,0.057494,0.093561,0.16827,"Normal_1"
11.328,7.9466,0.61383,4.0051,0.0028458,0.031575,0.072748,0.17041,"Normal_1"
12.847,10.723,0.5274,4.0202,0.0023181,0.040115,0.062776,0.16177,"Normal_1"
13.355,8.0263,0.61893,3.9276,0.0020047,0.055263,0.075476,0.17872,"Normal_1"
12.685,8.5561,0.61542,4.0933,0.0028816,0.055089,0.07255,0.17644,"Normal_1"
14.881,6.8432,0.62601,4.0201,0.0023972,0.049925,0.076294,0.17527,"Normal_1"
14.721,10.628,0.55666,4.1699,0.0029733,0.045084,0.076814,0.1653,"Normal_1"
9.774,7.959,0.61227,3.9623,0.0027402,0.039291,0.06271,0.17058,"Normal_1"
13.242,11.886,0.51469,3.894,0.0024591,0.046622,0.077054,0.16711,"Normal_1"
9.5964,7.6683,0.50406,3.9532,0.0024502,0.040559,0.067717,0.16125,"Normal_1"
13.648,7.5931,0.55934,3.9434,0.0032434,0.042061,0.062474,0.16474,"Normal_1"
9.8461,7.7107,0.65466,3.874,0.0019558,0.048008,0.068104,0.17188,"Normal_1"
12.26,9.8577,0.59152,4.0048,0.0024568,0.062841,0.075245,0.16585,"Normal_1"
14.184,9.3589,0.53624,4.1449,0.0028091,0.036143,0.084119,0.17176,"Normal_1"
10.376,10.324,0.56138,4.0818,0.002861,0.044797,0.079624,0.1679,"Normal_1"
13.786,8.2588,0.56207,3.8404,0.003018,0.039354,0.070138,0.16413,"Normal_1"
11.933,9.2588,0.60018,3.8402,0.0028048,0.040646,0.072077,0.16409,"Normal_1"
13.659,7.7466,0.65839,4.0232,0.0018591,0.032136,0.06381,0.17562,"Normal_1"
11.982,7.9695,0.69644,4.3071,0.0029305,0.054136,0.081685,0.18983,"Normal_1"
12.128,9.2872,0.67669,4.0137,0.0021754,0.045043,0.071299,0.1689,"Normal_1"
13.165,11.658,0.63644,4.3726,0.0028902,0.039765,0.064622,0.17015,"Normal_1"
12.531,8.5606,0.5906,3.9187,0.0026578,0.042174,0.057668,0.16906,"Normal_1"
8.6619,8.4902,0.60848,4.0478,0.0018762,0.043155,0.066344,0.17376,"Normal_1"
9.2106,8.6215,0.60951,4.012,0.0017192,0.040801,0.0592,0.16313,"Normal_1"
15.094,8.6059,0.65281,3.9826,0.0026515,0.055726,0.076253,0.1754,"Normal_1"
14.024,10.555,0.63781,4.2239,0.002483,0.04209,0.057058,0.18655,"Normal_1"
